event_id,timestamp,badge_id,person_type,gate_id,zone,access_result,direction,event_label,incident_id
PHY-00000,2026-06-04T07:09:52Z,BADGE-0068,Operator,GATE-01,CRANE-ZONE,GRANTED,OUT,NORMAL,
PHY-00001,2026-06-14T21:36:46Z,BADGE-0019,Security,GATE-01,CONTROL-ROOM,GRANTED,OUT,NORMAL,
PHY-00002,2026-06-24T18:16:54Z,BADGE-0044,Operator,GATE-02,OT-ZONE,GRANTED,OUT,NORMAL,
PHY-00003,2026-06-23T08:52:20Z,BADGE-0053,Operator,GATE-02,YARD-B,GRANTED,IN,NORMAL,
PHY-00004,2026-06-09T10:03:54Z,BADGE-0019,Vendor,GATE-02,GATE-B,GRANTED,OUT,NORMAL,
PHY-00005,2026-06-06T20:23:35Z,BADGE-0059,Security,GATE-03,CRANE-ZONE,GRANTED,OUT,NORMAL,
PHY-00006,2026-06-14T03:51:58Z,BADGE-0004,Engineer,GATE-04,YARD-B,GRANTED,IN,NORMAL,
PHY-00007,2026-06-10T19:16:31Z,BADGE-0122,Operator,GATE-03,CONTROL-ROOM,GRANTED,IN,NORMAL,
PHY-00008,2026-06-04T03:18:08Z,BADGE-0146,Operator,GATE-02,YARD-C,GRANTED,IN,NORMAL,
PHY-00009,2026-06-20T13:23:23Z,BADGE-0061,Security,GATE-03,YARD-C,GRANTED,OUT,NORMAL,
PHY-00010,2026-06-29T00:26:57Z,BADGE-0004,Engineer,GATE-03,YARD-A,GRANTED,IN,NORMAL,
PHY-00011,2026-06-25T13:54:56Z,BADGE-0079,Operator,GATE-02,GATE-B,GRANTED,OUT,NORMAL,
PHY-00012,2026-06-08T20:50:10Z,BADGE-0147,Operator,GATE-01,CONTROL-ROOM,GRANTED,OUT,NORMAL,
PHY-00013,2026-06-13T17:45:23Z,BADGE-0132,Security,GATE-04,OT-ZONE,GRANTED,IN,NORMAL,
PHY-00014,2026-06-08T11:23:34Z,BADGE-0102,Security,GATE-03,YARD-A,GRANTED,IN,NORMAL,
PHY-00015,2026-06-14T14:23:43Z,BADGE-0083,Engineer,GATE-02,GATE-B,GRANTED,IN,NORMAL,
PHY-00016,2026-06-19T02:43:50Z,BADGE-0025,Engineer,GATE-03,CRANE-ZONE,GRANTED,OUT,NORMAL,
PHY-00017,2026-06-20T03:41:38Z,BADGE-0141,Engineer,GATE-01,YARD-A,GRANTED,IN,NORMAL,
PHY-00018,2026-06-12T22:17:35Z,BADGE-0032,Engineer,GATE-01,CRANE-ZONE,GRANTED,IN,NORMAL,
PHY-00019,2026-06-29T18:36:17Z,BADGE-0030,Security,GATE-02,GATE-B,GRANTED,IN,NORMAL,
PHY-00020,2026-06-19T11:40:08Z,BADGE-0124,Engineer,GATE-03,YARD-B,GRANTED,OUT,NORMAL,
PHY-00021,2026-06-26T19:22:45Z,BADGE-0076,Security,GATE-02,GATE-B,GRANTED,IN,NORMAL,
PHY-00022,2026-06-10T04:25:51Z,BADGE-0111,Operator,GATE-04,GATE-B,GRANTED,OUT,NORMAL,
PHY-00023,2026-06-18T10:44:13Z,BADGE-0105,Operator,GATE-02,OT-ZONE,GRANTED,OUT,NORMAL,
PHY-00024,2026-06-20T07:45:21Z,BADGE-0121,Vendor,GATE-04,YARD-C,GRANTED,IN,NORMAL,
PHY-00025,2026-06-16T20:44:15Z,BADGE-0143,Vendor,GATE-02,YARD-C,GRANTED,IN,NORMAL,
PHY-00026,2026-06-12T02:41:33Z,BADGE-0001,Security,GATE-02,CRANE-ZONE,GRANTED,OUT,NORMAL,
PHY-00027,2026-06-10T04:08:59Z,BADGE-0073,Operator,GATE-03,CONTROL-ROOM,GRANTED,OUT,NORMAL,
PHY-00028,2026-06-05T20:34:19Z,BADGE-0078,Security,GATE-02,GATE-B,GRANTED,OUT,NORMAL,
PHY-00029,2026-06-26T14:09:03Z,BADGE-0121,Engineer,GATE-03,YARD-A,GRANTED,IN,NORMAL,
PHY-00030,2026-06-18T21:42:05Z,BADGE-0115,Vendor,GATE-01,YARD-B,GRANTED,IN,NORMAL,
PHY-00031,2026-06-16T16:26:15Z,BADGE-0072,Vendor,GATE-04,OT-ZONE,GRANTED,OUT,NORMAL,
PHY-00032,2026-06-19T13:40:43Z,BADGE-0021,Engineer,GATE-02,OT-ZONE,GRANTED,IN,NORMAL,
PHY-00033,2026-06-11T05:25:24Z,BADGE-0059,Vendor,GATE-01,CRANE-ZONE,GRANTED,IN,NORMAL,
PHY-00034,2026-06-22T03:39:31Z,BADGE-0065,Operator,GATE-04,GATE-B,GRANTED,IN,NORMAL,
PHY-00035,2026-06-21T11:48:12Z,BADGE-0039,Engineer,GATE-01,YARD-A,GRANTED,IN,NORMAL,
PHY-00036,2026-06-21T19:47:44Z,BADGE-0109,Operator,GATE-02,GATE-B,GRANTED,OUT,NORMAL,
PHY-00037,2026-06-21T12:05:34Z,BADGE-0019,Operator,GATE-01,CONTROL-ROOM,GRANTED,OUT,NORMAL,
PHY-00038,2026-06-16T17:35:15Z,BADGE-0026,Vendor,GATE-03,GATE-B,GRANTED,OUT,NORMAL,
PHY-00039,2026-06-29T23:56:31Z,BADGE-0091,Engineer,GATE-02,CRANE-ZONE,GRANTED,OUT,NORMAL,
PHY-00040,2026-06-20T16:15:50Z,BADGE-0071,Engineer,GATE-01,YARD-C,GRANTED,OUT,NORMAL,
PHY-00041,2026-06-03T04:23:56Z,BADGE-0015,Engineer,GATE-04,GATE-B,GRANTED,OUT,SUSPICIOUS,
PHY-00042,2026-06-17T02:09:33Z,BADGE-0136,Engineer,GATE-02,YARD-A,GRANTED,IN,NORMAL,
PHY-00043,2026-06-21T08:30:34Z,BADGE-0088,Operator,GATE-04,GATE-B,GRANTED,IN,NORMAL,
PHY-00044,2026-06-07T07:59:10Z,BADGE-0094,Vendor,GATE-03,GATE-B,GRANTED,OUT,NORMAL,
PHY-00045,2026-06-01T16:05:19Z,BADGE-0027,Vendor,GATE-04,YARD-B,GRANTED,OUT,NORMAL,
PHY-00046,2026-06-09T15:51:44Z,BADGE-0036,Engineer,GATE-01,YARD-C,GRANTED,IN,NORMAL,
PHY-00047,2026-06-19T05:30:39Z,BADGE-0080,Security,GATE-03,YARD-C,GRANTED,IN,NORMAL,
PHY-00048,2026-06-28T09:20:33Z,BADGE-0050,Operator,GATE-04,YARD-C,GRANTED,IN,NORMAL,
PHY-00049,2026-06-26T21:58:06Z,BADGE-0141,Operator,GATE-01,CRANE-ZONE,GRANTED,IN,NORMAL,
PHY-00050,2026-06-15T16:19:46Z,BADGE-0059,Vendor,GATE-01,GATE-B,GRANTED,OUT,NORMAL,
PHY-00051,2026-06-29T11:52:04Z,BADGE-0101,Security,GATE-03,YARD-C,GRANTED,OUT,NORMAL,
PHY-00052,2026-06-04T17:24:29Z,BADGE-0139,Vendor,GATE-04,GATE-B,GRANTED,IN,NORMAL,
PHY-00053,2026-06-28T05:25:10Z,BADGE-0070,Operator,GATE-02,GATE-B,GRANTED,IN,NORMAL,
PHY-00054,2026-06-03T17:09:14Z,BADGE-0089,Security,GATE-04,OT-ZONE,GRANTED,OUT,NORMAL,
PHY-00055,2026-06-16T20:21:23Z,BADGE-0097,Security,GATE-02,CRANE-ZONE,GRANTED,IN,NORMAL,
PHY-00056,2026-06-14T20:32:17Z,BADGE-0022,Operator,GATE-01,YARD-C,GRANTED,IN,NORMAL,
PHY-00057,2026-06-08T10:50:23Z,BADGE-0047,Vendor,GATE-04,YARD-A,GRANTED,OUT,NORMAL,
PHY-00058,2026-06-10T17:56:56Z,BADGE-0071,Engineer,GATE-02,YARD-B,GRANTED,IN,NORMAL,
PHY-00059,2026-06-23T16:32:16Z,BADGE-0082,Security,GATE-01,GATE-A,GRANTED,OUT,NORMAL,
PHY-00060,2026-06-16T20:05:27Z,BADGE-0077,Engineer,GATE-03,YARD-A,GRANTED,OUT,NORMAL,
PHY-00061,2026-06-18T06:15:14Z,BADGE-0120,Engineer,GATE-02,CONTROL-ROOM,GRANTED,OUT,NORMAL,
PHY-00062,2026-06-29T14:05:27Z,BADGE-0104,Security,GATE-02,CRANE-ZONE,GRANTED,IN,NORMAL,
PHY-00063,2026-06-11T12:34:20Z,BADGE-0042,Security,GATE-01,GATE-B,GRANTED,OUT,NORMAL,
PHY-00064,2026-06-10T22:56:35Z,BADGE-0027,Operator,GATE-02,CONTROL-ROOM,GRANTED,OUT,NORMAL,
PHY-00065,2026-06-01T03:52:13Z,BADGE-0118,Engineer,GATE-01,CRANE-ZONE,GRANTED,OUT,NORMAL,
PHY-00066,2026-06-13T08:52:08Z,BADGE-0128,Security,GATE-04,GATE-B,GRANTED,OUT,NORMAL,
PHY-00067,2026-06-28T08:25:14Z,BADGE-0099,Vendor,GATE-01,YARD-B,GRANTED,OUT,NORMAL,
PHY-00068,2026-06-25T10:49:12Z,BADGE-0097,Security,GATE-02,YARD-C,GRANTED,OUT,NORMAL,
PHY-00069,2026-06-13T08:15:51Z,BADGE-0084,Operator,GATE-02,YARD-C,GRANTED,OUT,NORMAL,
PHY-00070,2026-06-13T19:37:10Z,BADGE-0120,Engineer,GATE-01,YARD-C,GRANTED,OUT,NORMAL,
PHY-00071,2026-06-16T23:02:59Z,BADGE-0119,Vendor,GATE-01,CONTROL-ROOM,GRANTED,OUT,NORMAL,
PHY-00072,2026-06-14T17:38:53Z,BADGE-0015,Security,GATE-01,YARD-B,GRANTED,OUT,NORMAL,
PHY-00073,2026-06-21T08:31:52Z,BADGE-0114,Vendor,GATE-03,YARD-B,GRANTED,IN,NORMAL,
PHY-00074,2026-06-09T10:12:09Z,BADGE-0067,Vendor,GATE-04,CONTROL-ROOM,GRANTED,OUT,NORMAL,
PHY-00075,2026-06-22T02:42:26Z,BADGE-0096,Operator,GATE-04,GATE-B,GRANTED,IN,NORMAL,
PHY-00076,2026-06-19T00:55:20Z,BADGE-0025,Vendor,GATE-01,YARD-B,GRANTED,IN,NORMAL,
PHY-00077,2026-06-19T23:56:47Z,BADGE-0075,Vendor,GATE-04,CONTROL-ROOM,GRANTED,OUT,NORMAL,
PHY-00078,2026-06-13T13:46:17Z,BADGE-0074,Security,GATE-04,YARD-C,GRANTED,IN,NORMAL,
PHY-00079,2026-06-07T00:42:13Z,BADGE-0113,Engineer,GATE-02,YARD-A,GRANTED,IN,NORMAL,
PHY-00080,2026-06-12T12:44:14Z,BADGE-0141,Operator,GATE-03,GATE-A,GRANTED,OUT,NORMAL,
PHY-00081,2026-06-17T04:49:42Z,BADGE-0121,Security,GATE-02,CONTROL-ROOM,GRANTED,IN,NORMAL,
PHY-00082,2026-06-13T04:40:07Z,BADGE-0143,Operator,GATE-03,CONTROL-ROOM,GRANTED,OUT,NORMAL,
PHY-00083,2026-06-16T00:03:54Z,BADGE-0107,Security,GATE-01,GATE-A,GRANTED,IN,NORMAL,
PHY-00084,2026-06-13T19:09:43Z,BADGE-0029,Security,GATE-02,YARD-A,GRANTED,OUT,NORMAL,
PHY-00085,2026-06-30T22:23:04Z,BADGE-0125,Security,GATE-03,YARD-C,GRANTED,OUT,NORMAL,
PHY-00086,2026-06-26T15:23:21Z,BADGE-0022,Vendor,GATE-03,CRANE-ZONE,GRANTED,IN,NORMAL,
PHY-00087,2026-06-09T16:18:41Z,BADGE-0106,Operator,GATE-04,GATE-B,GRANTED,OUT,NORMAL,
PHY-00088,2026-06-27T04:15:11Z,BADGE-0080,Engineer,GATE-02,GATE-B,GRANTED,OUT,NORMAL,
PHY-00089,2026-06-09T07:10:30Z,BADGE-0052,Security,GATE-01,CRANE-ZONE,GRANTED,OUT,NORMAL,
PHY-00090,2026-06-11T20:09:08Z,BADGE-0081,Engineer,GATE-03,GATE-A,GRANTED,OUT,NORMAL,
PHY-00091,2026-06-08T22:41:59Z,BADGE-0136,Operator,GATE-01,YARD-A,GRANTED,IN,NORMAL,
PHY-00092,2026-06-21T04:25:06Z,BADGE-0031,Engineer,GATE-04,YARD-B,GRANTED,OUT,NORMAL,
PHY-00093,2026-06-28T12:50:27Z,BADGE-0108,Vendor,GATE-03,CONTROL-ROOM,GRANTED,OUT,NORMAL,
PHY-00094,2026-06-30T01:22:32Z,BADGE-0062,Operator,GATE-02,OT-ZONE,GRANTED,OUT,NORMAL,
PHY-00095,2026-06-26T10:51:53Z,BADGE-0042,Vendor,GATE-03,CONTROL-ROOM,GRANTED,IN,NORMAL,
PHY-00096,2026-06-20T05:33:40Z,BADGE-0010,Security,GATE-01,OT-ZONE,GRANTED,IN,NORMAL,
PHY-00097,2026-06-10T19:58:19Z,BADGE-0072,Engineer,GATE-02,YARD-A,GRANTED,IN,NORMAL,
PHY-00098,2026-06-30T09:34:21Z,BADGE-0008,Operator,GATE-04,OT-ZONE,GRANTED,OUT,NORMAL,
PHY-00099,2026-06-04T10:44:26Z,BADGE-0093,Operator,GATE-04,YARD-B,GRANTED,IN,NORMAL,
PHY-00100,2026-06-13T09:34:39Z,BADGE-0105,Security,GATE-01,YARD-C,GRANTED,IN,SUSPICIOUS,
PHY-00101,2026-06-03T18:05:54Z,BADGE-0118,Security,GATE-03,YARD-C,GRANTED,OUT,NORMAL,
PHY-00102,2026-06-21T23:47:11Z,BADGE-0144,Vendor,GATE-04,CRANE-ZONE,GRANTED,OUT,NORMAL,
PHY-00103,2026-06-19T15:45:07Z,BADGE-0039,Vendor,GATE-04,GATE-A,GRANTED,OUT,NORMAL,
PHY-00104,2026-06-26T06:50:44Z,BADGE-0086,Vendor,GATE-03,OT-ZONE,GRANTED,OUT,NORMAL,
PHY-00105,2026-06-18T21:33:20Z,BADGE-0107,Security,GATE-01,CONTROL-ROOM,GRANTED,IN,NORMAL,
PHY-00106,2026-06-28T19:31:31Z,BADGE-0015,Vendor,GATE-04,GATE-A,GRANTED,IN,NORMAL,
PHY-00107,2026-06-09T23:48:35Z,BADGE-0094,Security,GATE-01,YARD-C,GRANTED,IN,NORMAL,
PHY-00108,2026-06-07T23:34:00Z,BADGE-0031,Vendor,GATE-04,GATE-B,GRANTED,IN,NORMAL,
PHY-00109,2026-06-06T11:09:04Z,BADGE-0119,Engineer,GATE-04,GATE-B,GRANTED,OUT,NORMAL,
PHY-00110,2026-06-02T23:38:32Z,BADGE-0050,Vendor,GATE-04,GATE-B,GRANTED,OUT,NORMAL,
PHY-00111,2026-06-01T00:28:11Z,BADGE-0075,Operator,GATE-04,CRANE-ZONE,GRANTED,IN,NORMAL,
PHY-00112,2026-06-19T14:28:57Z,BADGE-0058,Engineer,GATE-02,CONTROL-ROOM,GRANTED,IN,NORMAL,
PHY-00113,2026-06-09T10:00:33Z,BADGE-0084,Vendor,GATE-01,YARD-A,GRANTED,IN,NORMAL,
PHY-00114,2026-06-01T11:42:54Z,BADGE-0048,Security,GATE-01,YARD-C,GRANTED,IN,NORMAL,
PHY-00115,2026-06-06T15:26:52Z,BADGE-0067,Engineer,GATE-01,YARD-C,GRANTED,IN,NORMAL,
PHY-00116,2026-06-30T11:14:57Z,BADGE-0078,Operator,GATE-03,YARD-C,GRANTED,OUT,NORMAL,
PHY-00117,2026-06-07T03:24:12Z,BADGE-0011,Vendor,GATE-01,YARD-C,GRANTED,IN,NORMAL,
PHY-00118,2026-06-25T17:43:29Z,BADGE-0100,Vendor,GATE-04,CRANE-ZONE,GRANTED,IN,NORMAL,
PHY-00119,2026-06-04T17:48:26Z,BADGE-0089,Security,GATE-03,GATE-B,GRANTED,IN,NORMAL,
PHY-00120,2026-06-29T05:03:51Z,BADGE-0082,Operator,GATE-01,OT-ZONE,GRANTED,OUT,NORMAL,
PHY-00121,2026-06-11T10:18:18Z,BADGE-0079,Engineer,GATE-01,YARD-C,GRANTED,OUT,NORMAL,
PHY-00122,2026-06-29T11:58:47Z,BADGE-0042,Operator,GATE-04,GATE-B,GRANTED,IN,SUSPICIOUS,
PHY-00123,2026-06-14T01:06:29Z,BADGE-0040,Operator,GATE-01,GATE-B,GRANTED,IN,NORMAL,
PHY-00124,2026-06-17T14:46:54Z,BADGE-0143,Operator,GATE-04,YARD-A,GRANTED,IN,NORMAL,
PHY-00125,2026-06-22T05:05:02Z,BADGE-0029,Operator,GATE-03,OT-ZONE,GRANTED,OUT,NORMAL,
PHY-00126,2026-06-29T20:09:33Z,BADGE-0040,Security,GATE-04,CONTROL-ROOM,GRANTED,OUT,NORMAL,
PHY-00127,2026-06-15T21:55:14Z,BADGE-0133,Security,GATE-04,YARD-A,GRANTED,OUT,NORMAL,
PHY-00128,2026-06-24T02:39:48Z,BADGE-0073,Vendor,GATE-02,CONTROL-ROOM,GRANTED,IN,NORMAL,
PHY-00129,2026-06-28T17:56:48Z,BADGE-0131,Operator,GATE-01,YARD-B,GRANTED,IN,NORMAL,
PHY-00130,2026-06-13T11:20:38Z,BADGE-0117,Engineer,GATE-02,YARD-A,GRANTED,IN,NORMAL,
PHY-00131,2026-06-13T19:31:21Z,BADGE-0068,Security,GATE-03,YARD-C,GRANTED,OUT,NORMAL,
PHY-00132,2026-06-14T16:48:12Z,BADGE-0121,Security,GATE-02,OT-ZONE,GRANTED,IN,NORMAL,
PHY-00133,2026-06-28T00:45:36Z,BADGE-0043,Engineer,GATE-02,CONTROL-ROOM,GRANTED,IN,NORMAL,
PHY-00134,2026-06-08T08:57:39Z,BADGE-0079,Engineer,GATE-01,GATE-A,GRANTED,OUT,SUSPICIOUS,
PHY-00135,2026-06-05T13:15:35Z,BADGE-0127,Security,GATE-04,GATE-A,GRANTED,OUT,NORMAL,
PHY-00136,2026-06-09T14:16:13Z,BADGE-0078,Security,GATE-03,YARD-A,GRANTED,OUT,NORMAL,
PHY-00137,2026-06-13T04:44:39Z,BADGE-0063,Engineer,GATE-01,YARD-A,GRANTED,IN,NORMAL,
PHY-00138,2026-06-22T09:06:22Z,BADGE-0051,Security,GATE-01,GATE-B,GRANTED,OUT,NORMAL,
PHY-00139,2026-06-30T02:22:17Z,BADGE-0077,Engineer,GATE-04,YARD-B,GRANTED,OUT,NORMAL,
PHY-00140,2026-06-10T01:28:52Z,BADGE-0055,Engineer,GATE-01,CONTROL-ROOM,GRANTED,OUT,NORMAL,
PHY-00141,2026-06-22T00:42:53Z,BADGE-0001,Operator,GATE-04,CONTROL-ROOM,GRANTED,OUT,NORMAL,
PHY-00142,2026-06-13T10:47:45Z,BADGE-0149,Operator,GATE-02,GATE-B,GRANTED,IN,NORMAL,
PHY-00143,2026-06-17T11:41:44Z,BADGE-0005,Operator,GATE-01,YARD-B,GRANTED,IN,NORMAL,
PHY-00144,2026-06-07T10:30:26Z,BADGE-0144,Security,GATE-01,YARD-C,GRANTED,OUT,NORMAL,
PHY-00145,2026-06-26T02:36:50Z,BADGE-0091,Vendor,GATE-03,CONTROL-ROOM,GRANTED,IN,NORMAL,
PHY-00146,2026-06-02T16:43:35Z,BADGE-0109,Security,GATE-04,YARD-A,GRANTED,OUT,NORMAL,
PHY-00147,2026-06-26T01:57:29Z,BADGE-0133,Vendor,GATE-02,YARD-C,GRANTED,IN,NORMAL,
PHY-00148,2026-06-17T22:21:30Z,BADGE-0023,Security,GATE-04,YARD-B,GRANTED,OUT,NORMAL,
PHY-00149,2026-06-07T13:58:09Z,BADGE-0060,Engineer,GATE-03,OT-ZONE,GRANTED,IN,NORMAL,
PHY-00150,2026-06-04T01:15:45Z,BADGE-0057,Operator,GATE-04,CONTROL-ROOM,GRANTED,IN,SUSPICIOUS,
PHY-00151,2026-06-14T18:46:53Z,BADGE-0078,Engineer,GATE-01,YARD-C,GRANTED,OUT,NORMAL,
PHY-00152,2026-06-17T10:48:32Z,BADGE-0109,Security,GATE-03,CRANE-ZONE,GRANTED,IN,NORMAL,
PHY-00153,2026-06-13T19:15:31Z,BADGE-0062,Security,GATE-03,GATE-B,GRANTED,IN,NORMAL,
PHY-00154,2026-06-13T00:13:12Z,BADGE-0024,Security,GATE-01,GATE-B,GRANTED,OUT,NORMAL,
PHY-00155,2026-06-27T04:53:39Z,BADGE-0017,Operator,GATE-02,YARD-B,GRANTED,IN,NORMAL,
PHY-00156,2026-06-14T19:22:29Z,BADGE-0023,Operator,GATE-04,GATE-A,GRANTED,OUT,NORMAL,
PHY-00157,2026-06-13T07:56:19Z,BADGE-0080,Security,GATE-01,GATE-B,GRANTED,IN,NORMAL,
PHY-00158,2026-06-26T06:37:52Z,BADGE-0118,Vendor,GATE-03,YARD-B,DENIED,IN,SUSPICIOUS,
PHY-00159,2026-06-07T03:57:00Z,BADGE-0102,Security,GATE-01,OT-ZONE,GRANTED,OUT,NORMAL,
PHY-00160,2026-06-21T10:39:50Z,BADGE-0127,Security,GATE-01,CONTROL-ROOM,GRANTED,IN,NORMAL,
PHY-00161,2026-06-23T14:17:05Z,BADGE-0005,Security,GATE-02,YARD-C,GRANTED,IN,NORMAL,
PHY-00162,2026-06-22T23:13:37Z,BADGE-0004,Security,GATE-04,GATE-A,GRANTED,OUT,NORMAL,
PHY-00163,2026-06-24T01:40:28Z,BADGE-0100,Engineer,GATE-03,YARD-B,GRANTED,IN,NORMAL,
PHY-00164,2026-06-12T06:50:26Z,BADGE-0062,Operator,GATE-03,GATE-A,GRANTED,IN,SUSPICIOUS,
PHY-00165,2026-06-05T13:15:56Z,BADGE-0003,Operator,GATE-02,OT-ZONE,GRANTED,OUT,NORMAL,
PHY-00166,2026-06-09T05:56:55Z,BADGE-0041,Security,GATE-03,GATE-B,GRANTED,IN,NORMAL,
PHY-00167,2026-06-19T00:56:30Z,BADGE-0053,Vendor,GATE-01,YARD-C,GRANTED,OUT,NORMAL,
PHY-00168,2026-06-07T16:47:48Z,BADGE-0106,Security,GATE-02,GATE-B,GRANTED,OUT,NORMAL,
PHY-00169,2026-06-23T14:16:29Z,BADGE-0013,Engineer,GATE-04,CRANE-ZONE,GRANTED,IN,NORMAL,
PHY-00170,2026-06-11T01:10:02Z,BADGE-0033,Operator,GATE-02,YARD-A,GRANTED,IN,NORMAL,
PHY-00171,2026-06-21T01:36:26Z,BADGE-0080,Engineer,GATE-03,OT-ZONE,GRANTED,IN,NORMAL,
PHY-00172,2026-06-21T17:27:47Z,BADGE-0082,Engineer,GATE-04,OT-ZONE,GRANTED,OUT,NORMAL,
PHY-00173,2026-06-29T21:58:52Z,BADGE-0133,Vendor,GATE-01,GATE-B,GRANTED,IN,NORMAL,
PHY-00174,2026-06-10T23:59:12Z,BADGE-0003,Operator,GATE-03,OT-ZONE,GRANTED,OUT,NORMAL,
PHY-00175,2026-06-14T19:42:16Z,BADGE-0137,Engineer,GATE-01,GATE-B,GRANTED,OUT,NORMAL,
PHY-00176,2026-06-03T00:36:45Z,BADGE-0024,Engineer,GATE-03,OT-ZONE,GRANTED,OUT,NORMAL,
PHY-00177,2026-06-01T03:00:13Z,BADGE-0066,Operator,GATE-01,CRANE-ZONE,GRANTED,IN,NORMAL,
PHY-00178,2026-06-19T20:40:48Z,BADGE-0137,Engineer,GATE-04,YARD-A,GRANTED,IN,NORMAL,
PHY-00179,2026-06-12T05:40:29Z,BADGE-0002,Security,GATE-03,CONTROL-ROOM,GRANTED,IN,NORMAL,
PHY-00180,2026-06-04T11:40:26Z,BADGE-0089,Vendor,GATE-02,YARD-A,GRANTED,IN,NORMAL,
PHY-00181,2026-06-18T17:03:57Z,BADGE-0062,Operator,GATE-03,CRANE-ZONE,GRANTED,IN,NORMAL,
PHY-00182,2026-06-28T03:22:07Z,BADGE-0078,Vendor,GATE-03,YARD-C,GRANTED,OUT,NORMAL,
PHY-00183,2026-06-29T09:32:35Z,BADGE-0023,Engineer,GATE-03,YARD-C,GRANTED,OUT,NORMAL,
PHY-00184,2026-06-23T19:18:26Z,BADGE-0091,Vendor,GATE-02,GATE-A,GRANTED,OUT,NORMAL,
PHY-00185,2026-06-27T04:22:57Z,BADGE-0094,Security,GATE-04,CRANE-ZONE,GRANTED,IN,NORMAL,
PHY-00186,2026-06-22T01:31:28Z,BADGE-0098,Vendor,GATE-04,GATE-B,GRANTED,OUT,NORMAL,
PHY-00187,2026-06-02T01:45:56Z,BADGE-0088,Security,GATE-04,CONTROL-ROOM,GRANTED,OUT,NORMAL,
PHY-00188,2026-06-26T19:19:10Z,BADGE-0105,Engineer,GATE-01,CONTROL-ROOM,GRANTED,IN,NORMAL,
PHY-00189,2026-06-16T06:56:51Z,BADGE-0048,Engineer,GATE-03,YARD-A,DENIED,IN,SUSPICIOUS,
PHY-00190,2026-06-28T15:01:33Z,BADGE-0004,Vendor,GATE-02,YARD-C,GRANTED,IN,NORMAL,
PHY-00191,2026-06-17T13:15:41Z,BADGE-0090,Security,GATE-02,GATE-A,GRANTED,OUT,NORMAL,
PHY-00192,2026-06-03T23:18:52Z,BADGE-0045,Operator,GATE-03,YARD-B,GRANTED,IN,NORMAL,
PHY-00193,2026-06-08T04:59:29Z,BADGE-0089,Security,GATE-04,YARD-C,GRANTED,IN,NORMAL,
PHY-00194,2026-06-04T02:15:37Z,BADGE-0107,Vendor,GATE-04,YARD-A,GRANTED,IN,NORMAL,
PHY-00195,2026-06-02T19:45:38Z,BADGE-0143,Vendor,GATE-03,YARD-C,GRANTED,IN,NORMAL,
PHY-00196,2026-06-05T06:29:57Z,BADGE-0034,Vendor,GATE-02,YARD-B,GRANTED,OUT,NORMAL,
PHY-00197,2026-06-12T01:38:55Z,BADGE-0044,Operator,GATE-01,CRANE-ZONE,GRANTED,OUT,NORMAL,
PHY-00198,2026-06-10T00:28:56Z,BADGE-0081,Engineer,GATE-01,CONTROL-ROOM,GRANTED,IN,NORMAL,
PHY-00199,2026-06-08T04:46:51Z,BADGE-0011,Security,GATE-02,YARD-C,GRANTED,OUT,NORMAL,
PHY-00200,2026-06-22T17:24:07Z,BADGE-0118,Engineer,GATE-04,CONTROL-ROOM,GRANTED,OUT,NORMAL,
PHY-00201,2026-06-05T22:35:51Z,BADGE-0055,Vendor,GATE-03,CONTROL-ROOM,GRANTED,OUT,NORMAL,
PHY-00202,2026-06-03T19:50:10Z,BADGE-0076,Engineer,GATE-04,YARD-B,GRANTED,OUT,NORMAL,
PHY-00203,2026-06-17T20:30:51Z,BADGE-0122,Engineer,GATE-03,YARD-C,GRANTED,IN,NORMAL,
PHY-00204,2026-06-08T07:15:11Z,BADGE-0126,Engineer,GATE-03,GATE-B,GRANTED,OUT,NORMAL,
PHY-00205,2026-06-12T02:41:21Z,BADGE-0100,Security,GATE-02,YARD-A,GRANTED,IN,NORMAL,
PHY-00206,2026-06-16T14:22:18Z,BADGE-0129,Operator,GATE-02,GATE-A,GRANTED,OUT,NORMAL,
PHY-00207,2026-06-24T09:58:53Z,BADGE-0037,Vendor,GATE-02,YARD-C,GRANTED,OUT,NORMAL,
PHY-00208,2026-06-25T00:40:45Z,BADGE-0089,Operator,GATE-03,YARD-B,GRANTED,OUT,SUSPICIOUS,
PHY-00209,2026-06-15T17:02:18Z,BADGE-0131,Security,GATE-04,CRANE-ZONE,GRANTED,IN,NORMAL,
PHY-00210,2026-06-29T19:44:22Z,BADGE-0028,Operator,GATE-03,CONTROL-ROOM,GRANTED,OUT,NORMAL,
PHY-00211,2026-06-27T07:33:15Z,BADGE-0136,Engineer,GATE-03,CONTROL-ROOM,GRANTED,IN,NORMAL,
PHY-00212,2026-06-12T10:12:39Z,BADGE-0038,Security,GATE-04,CRANE-ZONE,GRANTED,OUT,NORMAL,
PHY-00213,2026-06-05T10:17:11Z,BADGE-0110,Vendor,GATE-02,GATE-B,GRANTED,OUT,NORMAL,
PHY-00214,2026-06-27T07:39:20Z,BADGE-0061,Engineer,GATE-02,YARD-A,GRANTED,OUT,NORMAL,
PHY-00215,2026-06-18T09:55:49Z,BADGE-0070,Security,GATE-04,YARD-A,GRANTED,IN,NORMAL,
PHY-00216,2026-06-07T08:22:18Z,BADGE-0031,Operator,GATE-01,CRANE-ZONE,GRANTED,IN,NORMAL,
PHY-00217,2026-06-21T20:16:35Z,BADGE-0015,Vendor,GATE-03,OT-ZONE,GRANTED,IN,NORMAL,
PHY-00218,2026-06-03T10:34:15Z,BADGE-0009,Operator,GATE-02,YARD-A,GRANTED,IN,NORMAL,
PHY-00219,2026-06-15T15:51:12Z,BADGE-0049,Operator,GATE-04,YARD-A,GRANTED,OUT,NORMAL,
PHY-00220,2026-06-15T19:07:38Z,BADGE-0118,Security,GATE-01,CONTROL-ROOM,GRANTED,IN,NORMAL,
PHY-00221,2026-06-03T02:53:57Z,BADGE-0141,Security,GATE-03,YARD-B,GRANTED,IN,NORMAL,
PHY-00222,2026-06-20T12:47:32Z,BADGE-0015,Vendor,GATE-03,GATE-A,GRANTED,OUT,NORMAL,
PHY-00223,2026-06-10T17:48:44Z,BADGE-0097,Engineer,GATE-04,OT-ZONE,GRANTED,IN,NORMAL,
PHY-00224,2026-06-20T09:42:48Z,BADGE-0022,Security,GATE-01,YARD-C,GRANTED,IN,NORMAL,
PHY-00225,2026-06-04T01:04:53Z,BADGE-0083,Operator,GATE-01,YARD-C,GRANTED,OUT,NORMAL,
PHY-00226,2026-06-29T22:05:04Z,BADGE-0007,Operator,GATE-04,CONTROL-ROOM,GRANTED,OUT,NORMAL,
PHY-00227,2026-06-18T12:38:02Z,BADGE-0046,Security,GATE-04,GATE-A,GRANTED,OUT,NORMAL,
PHY-00228,2026-06-23T03:09:50Z,BADGE-0066,Security,GATE-03,YARD-C,GRANTED,OUT,NORMAL,
PHY-00229,2026-06-13T06:23:29Z,BADGE-0133,Security,GATE-01,CONTROL-ROOM,GRANTED,IN,NORMAL,
PHY-00230,2026-06-16T19:59:11Z,BADGE-0093,Engineer,GATE-03,OT-ZONE,GRANTED,OUT,NORMAL,
PHY-00231,2026-06-08T17:47:44Z,BADGE-0080,Security,GATE-03,YARD-A,GRANTED,OUT,NORMAL,
PHY-00232,2026-06-05T10:06:22Z,BADGE-0036,Operator,GATE-03,CRANE-ZONE,GRANTED,IN,NORMAL,
PHY-00233,2026-06-16T10:03:01Z,BADGE-0112,Vendor,GATE-03,GATE-B,GRANTED,OUT,NORMAL,
PHY-00234,2026-06-18T18:28:22Z,BADGE-0003,Operator,GATE-02,YARD-C,GRANTED,OUT,NORMAL,
PHY-00235,2026-06-14T04:14:27Z,BADGE-0060,Operator,GATE-02,YARD-A,GRANTED,IN,NORMAL,
PHY-00236,2026-06-14T17:24:56Z,BADGE-0002,Operator,GATE-02,CRANE-ZONE,GRANTED,IN,NORMAL,
PHY-00237,2026-06-01T03:21:19Z,BADGE-0028,Vendor,GATE-02,YARD-C,GRANTED,IN,NORMAL,
PHY-00238,2026-06-20T13:17:28Z,BADGE-0145,Operator,GATE-04,GATE-A,GRANTED,OUT,NORMAL,
PHY-00239,2026-06-05T02:57:52Z,BADGE-0102,Security,GATE-02,YARD-B,GRANTED,OUT,NORMAL,
PHY-00240,2026-06-03T22:55:57Z,BADGE-0040,Security,GATE-03,CONTROL-ROOM,GRANTED,IN,NORMAL,
PHY-00241,2026-06-01T10:11:22Z,BADGE-0068,Security,GATE-02,GATE-B,GRANTED,IN,NORMAL,
PHY-00242,2026-06-11T20:40:10Z,BADGE-0110,Engineer,GATE-02,GATE-A,GRANTED,IN,NORMAL,
PHY-00243,2026-06-22T23:34:14Z,BADGE-0075,Operator,GATE-01,OT-ZONE,GRANTED,OUT,NORMAL,
PHY-00244,2026-06-12T08:40:11Z,BADGE-0062,Operator,GATE-04,YARD-C,GRANTED,IN,NORMAL,
PHY-00245,2026-06-18T23:12:39Z,BADGE-0071,Vendor,GATE-04,CONTROL-ROOM,GRANTED,IN,NORMAL,
PHY-00246,2026-06-30T01:08:34Z,BADGE-0019,Engineer,GATE-01,OT-ZONE,GRANTED,IN,NORMAL,
PHY-00247,2026-06-15T04:36:25Z,BADGE-0129,Vendor,GATE-03,OT-ZONE,GRANTED,OUT,SUSPICIOUS,
PHY-00248,2026-06-16T14:52:16Z,BADGE-0015,Security,GATE-03,CONTROL-ROOM,GRANTED,IN,NORMAL,
PHY-00249,2026-06-22T06:50:24Z,BADGE-0126,Vendor,GATE-02,YARD-A,GRANTED,OUT,NORMAL,
PHY-00250,2026-06-21T12:19:45Z,BADGE-0054,Vendor,GATE-04,GATE-A,GRANTED,OUT,NORMAL,
PHY-00251,2026-06-08T16:22:15Z,BADGE-0047,Engineer,GATE-04,CRANE-ZONE,GRANTED,IN,NORMAL,
PHY-00252,2026-06-04T05:01:53Z,BADGE-0032,Engineer,GATE-02,CRANE-ZONE,GRANTED,IN,NORMAL,
PHY-00253,2026-06-28T19:34:22Z,BADGE-0084,Engineer,GATE-04,GATE-A,GRANTED,OUT,NORMAL,
PHY-00254,2026-06-29T05:49:50Z,BADGE-0143,Operator,GATE-01,YARD-B,GRANTED,IN,NORMAL,
PHY-00255,2026-06-02T23:28:27Z,BADGE-0149,Security,GATE-04,GATE-A,GRANTED,OUT,NORMAL,
PHY-00256,2026-06-01T14:30:13Z,BADGE-0069,Security,GATE-02,CONTROL-ROOM,GRANTED,IN,NORMAL,
PHY-00257,2026-06-09T21:59:40Z,BADGE-0081,Security,GATE-04,GATE-A,GRANTED,IN,NORMAL,
PHY-00258,2026-06-04T22:02:09Z,BADGE-0041,Security,GATE-01,CRANE-ZONE,GRANTED,OUT,NORMAL,
PHY-00259,2026-06-22T17:36:51Z,BADGE-0108,Vendor,GATE-04,OT-ZONE,GRANTED,OUT,NORMAL,
PHY-00260,2026-06-17T19:23:02Z,BADGE-0044,Vendor,GATE-02,OT-ZONE,GRANTED,IN,NORMAL,
PHY-00261,2026-06-13T08:42:20Z,BADGE-0018,Vendor,GATE-04,YARD-C,GRANTED,IN,NORMAL,
PHY-00262,2026-06-27T16:15:22Z,BADGE-0113,Operator,GATE-03,GATE-B,GRANTED,OUT,NORMAL,
PHY-00263,2026-06-10T23:26:59Z,BADGE-0113,Vendor,GATE-04,YARD-B,GRANTED,IN,NORMAL,
PHY-00264,2026-06-09T15:08:08Z,BADGE-0044,Vendor,GATE-03,CRANE-ZONE,GRANTED,OUT,NORMAL,
PHY-00265,2026-06-14T22:40:46Z,BADGE-0022,Engineer,GATE-04,CRANE-ZONE,GRANTED,IN,NORMAL,
PHY-00266,2026-06-21T13:09:26Z,BADGE-0015,Operator,GATE-03,OT-ZONE,GRANTED,OUT,NORMAL,
PHY-00267,2026-06-11T16:35:46Z,BADGE-0058,Security,GATE-03,YARD-A,GRANTED,OUT,NORMAL,
PHY-00268,2026-06-09T04:16:30Z,BADGE-0139,Security,GATE-04,YARD-B,GRANTED,IN,NORMAL,
PHY-00269,2026-06-25T02:12:53Z,BADGE-0131,Vendor,GATE-02,CONTROL-ROOM,GRANTED,OUT,NORMAL,
PHY-00270,2026-06-14T07:45:37Z,BADGE-0061,Engineer,GATE-03,CONTROL-ROOM,GRANTED,OUT,NORMAL,
PHY-00271,2026-06-15T01:21:15Z,BADGE-0045,Vendor,GATE-03,GATE-B,GRANTED,IN,NORMAL,
PHY-00272,2026-06-09T09:28:42Z,BADGE-0078,Vendor,GATE-01,YARD-C,GRANTED,IN,NORMAL,
PHY-00273,2026-06-15T12:05:46Z,BADGE-0111,Engineer,GATE-04,YARD-A,GRANTED,IN,NORMAL,
PHY-00274,2026-06-29T19:21:03Z,BADGE-0093,Operator,GATE-01,YARD-B,GRANTED,OUT,NORMAL,
PHY-00275,2026-06-21T21:01:01Z,BADGE-0068,Operator,GATE-03,YARD-B,GRANTED,IN,NORMAL,
PHY-00276,2026-06-29T22:56:46Z,BADGE-0042,Engineer,GATE-04,YARD-A,GRANTED,IN,SUSPICIOUS,
PHY-00277,2026-06-10T10:05:49Z,BADGE-0132,Security,GATE-03,YARD-A,GRANTED,IN,NORMAL,
PHY-00278,2026-06-16T18:49:44Z,BADGE-0093,Vendor,GATE-03,YARD-B,GRANTED,IN,NORMAL,
PHY-00279,2026-06-15T13:39:25Z,BADGE-0121,Vendor,GATE-02,YARD-A,GRANTED,IN,NORMAL,
PHY-00280,2026-06-05T01:25:33Z,BADGE-0124,Operator,GATE-03,YARD-A,GRANTED,IN,NORMAL,
PHY-00281,2026-06-04T04:02:55Z,BADGE-0123,Vendor,GATE-04,YARD-B,GRANTED,OUT,NORMAL,
PHY-00282,2026-06-26T01:50:12Z,BADGE-0054,Engineer,GATE-02,YARD-A,GRANTED,OUT,NORMAL,
PHY-00283,2026-06-09T22:38:31Z,BADGE-0147,Security,GATE-01,CONTROL-ROOM,GRANTED,OUT,NORMAL,
PHY-00284,2026-06-01T10:12:36Z,BADGE-0142,Engineer,GATE-02,YARD-C,GRANTED,OUT,NORMAL,
PHY-00285,2026-06-13T13:35:31Z,BADGE-0092,Vendor,GATE-02,YARD-C,GRANTED,IN,NORMAL,
PHY-00286,2026-06-25T09:59:45Z,BADGE-0005,Security,GATE-02,CRANE-ZONE,GRANTED,IN,NORMAL,
PHY-00287,2026-06-09T16:27:10Z,BADGE-0073,Engineer,GATE-02,GATE-B,GRANTED,OUT,NORMAL,
PHY-00288,2026-06-16T07:01:54Z,BADGE-0092,Engineer,GATE-01,GATE-A,GRANTED,OUT,NORMAL,
PHY-00289,2026-06-20T21:14:11Z,BADGE-0111,Engineer,GATE-03,YARD-B,DENIED,OUT,SUSPICIOUS,
PHY-00290,2026-06-12T07:31:19Z,BADGE-0084,Security,GATE-01,GATE-B,GRANTED,IN,NORMAL,
PHY-00291,2026-06-08T22:59:02Z,BADGE-0022,Operator,GATE-01,GATE-B,GRANTED,IN,NORMAL,
PHY-00292,2026-06-20T04:12:29Z,BADGE-0093,Operator,GATE-03,YARD-A,GRANTED,IN,NORMAL,
PHY-00293,2026-06-20T08:04:34Z,BADGE-0060,Operator,GATE-01,GATE-A,GRANTED,IN,NORMAL,
PHY-00294,2026-06-21T20:06:14Z,BADGE-0125,Vendor,GATE-02,YARD-C,GRANTED,IN,NORMAL,
PHY-00295,2026-06-18T08:38:20Z,BADGE-0001,Security,GATE-03,GATE-B,GRANTED,IN,NORMAL,
PHY-00296,2026-06-16T20:23:18Z,BADGE-0009,Vendor,GATE-02,CONTROL-ROOM,GRANTED,IN,NORMAL,
PHY-00297,2026-06-08T13:33:45Z,BADGE-0034,Security,GATE-04,GATE-A,GRANTED,IN,NORMAL,
PHY-00298,2026-06-25T07:38:55Z,BADGE-0065,Vendor,GATE-03,GATE-B,GRANTED,IN,NORMAL,
PHY-00299,2026-06-06T13:38:39Z,BADGE-0124,Vendor,GATE-02,GATE-B,GRANTED,IN,NORMAL,
PHY-00300,2026-06-25T13:24:11Z,BADGE-0100,Vendor,GATE-03,CRANE-ZONE,GRANTED,OUT,NORMAL,
PHY-00301,2026-06-09T12:55:33Z,BADGE-0081,Security,GATE-03,YARD-A,GRANTED,OUT,NORMAL,
PHY-00302,2026-06-04T14:38:23Z,BADGE-0014,Operator,GATE-03,GATE-A,GRANTED,OUT,NORMAL,
PHY-00303,2026-06-22T05:04:01Z,BADGE-0115,Operator,GATE-04,GATE-A,DENIED,IN,SUSPICIOUS,
PHY-00304,2026-06-24T17:37:50Z,BADGE-0105,Vendor,GATE-03,CRANE-ZONE,GRANTED,IN,NORMAL,
PHY-00305,2026-06-03T08:16:49Z,BADGE-0149,Operator,GATE-03,GATE-A,GRANTED,OUT,NORMAL,
PHY-00306,2026-06-12T00:05:22Z,BADGE-0023,Operator,GATE-02,CRANE-ZONE,GRANTED,IN,NORMAL,
PHY-00307,2026-06-14T11:26:26Z,BADGE-0121,Engineer,GATE-03,CRANE-ZONE,GRANTED,IN,NORMAL,
PHY-00308,2026-06-01T13:55:19Z,BADGE-0128,Security,GATE-01,YARD-A,GRANTED,IN,NORMAL,
PHY-00309,2026-06-10T10:20:59Z,BADGE-0060,Engineer,GATE-01,GATE-A,GRANTED,IN,NORMAL,
PHY-00310,2026-06-16T03:26:12Z,BADGE-0105,Engineer,GATE-04,GATE-A,GRANTED,OUT,NORMAL,
PHY-00311,2026-06-10T12:54:21Z,BADGE-0045,Operator,GATE-04,CONTROL-ROOM,GRANTED,OUT,NORMAL,
PHY-00312,2026-06-10T11:21:35Z,BADGE-0059,Engineer,GATE-04,YARD-B,GRANTED,IN,NORMAL,
PHY-00313,2026-06-26T21:04:11Z,BADGE-0138,Engineer,GATE-04,YARD-A,GRANTED,IN,SUSPICIOUS,
PHY-00314,2026-06-01T05:33:23Z,BADGE-0113,Vendor,GATE-04,OT-ZONE,GRANTED,IN,NORMAL,
PHY-00315,2026-06-23T17:19:18Z,BADGE-0127,Operator,GATE-04,GATE-A,GRANTED,OUT,NORMAL,
PHY-00316,2026-06-17T08:34:43Z,BADGE-0018,Operator,GATE-04,CRANE-ZONE,GRANTED,OUT,NORMAL,
PHY-00317,2026-06-08T17:26:58Z,BADGE-0131,Security,GATE-01,GATE-A,GRANTED,IN,NORMAL,
PHY-00318,2026-06-13T10:28:26Z,BADGE-0141,Engineer,GATE-04,YARD-B,GRANTED,OUT,NORMAL,
PHY-00319,2026-06-01T19:26:24Z,BADGE-0020,Security,GATE-01,GATE-B,GRANTED,OUT,NORMAL,
PHY-00320,2026-06-20T00:20:10Z,BADGE-0107,Operator,GATE-03,GATE-B,GRANTED,IN,NORMAL,
PHY-00321,2026-06-28T12:12:34Z,BADGE-0065,Engineer,GATE-02,YARD-A,GRANTED,IN,NORMAL,
PHY-00322,2026-06-29T23:55:56Z,BADGE-0063,Vendor,GATE-03,YARD-A,GRANTED,OUT,NORMAL,
PHY-00323,2026-06-19T05:25:26Z,BADGE-0092,Operator,GATE-02,YARD-C,GRANTED,IN,NORMAL,
PHY-00324,2026-06-11T06:02:58Z,BADGE-0137,Vendor,GATE-03,YARD-A,GRANTED,OUT,NORMAL,
PHY-00325,2026-06-11T16:22:36Z,BADGE-0116,Vendor,GATE-01,OT-ZONE,GRANTED,IN,NORMAL,
PHY-00326,2026-06-26T18:13:56Z,BADGE-0089,Operator,GATE-03,OT-ZONE,GRANTED,IN,SUSPICIOUS,
PHY-00327,2026-06-09T22:46:35Z,BADGE-0148,Engineer,GATE-02,GATE-A,GRANTED,OUT,NORMAL,
PHY-00328,2026-06-17T23:11:38Z,BADGE-0013,Engineer,GATE-04,CONTROL-ROOM,GRANTED,IN,NORMAL,
PHY-00329,2026-06-22T09:06:22Z,BADGE-0090,Operator,GATE-01,CONTROL-ROOM,GRANTED,IN,NORMAL,
PHY-00330,2026-06-05T01:53:51Z,BADGE-0144,Vendor,GATE-02,YARD-C,GRANTED,IN,NORMAL,
PHY-00331,2026-06-20T00:29:20Z,BADGE-0146,Operator,GATE-02,YARD-B,GRANTED,OUT,NORMAL,
PHY-00332,2026-06-28T23:17:07Z,BADGE-0055,Operator,GATE-03,YARD-C,GRANTED,IN,NORMAL,
PHY-00333,2026-06-18T09:01:18Z,BADGE-0047,Engineer,GATE-03,CRANE-ZONE,GRANTED,OUT,SUSPICIOUS,
PHY-00334,2026-06-05T09:16:23Z,BADGE-0094,Security,GATE-02,CONTROL-ROOM,GRANTED,IN,NORMAL,
PHY-00335,2026-06-24T17:08:59Z,BADGE-0041,Operator,GATE-02,GATE-B,GRANTED,OUT,NORMAL,
PHY-00336,2026-06-21T03:46:02Z,BADGE-0136,Vendor,GATE-01,YARD-B,GRANTED,OUT,NORMAL,
PHY-00337,2026-06-29T05:08:28Z,BADGE-0149,Operator,GATE-03,CONTROL-ROOM,GRANTED,OUT,NORMAL,
PHY-00338,2026-06-04T09:23:12Z,BADGE-0019,Vendor,GATE-02,YARD-A,GRANTED,IN,NORMAL,
PHY-00339,2026-06-04T16:48:40Z,BADGE-0148,Operator,GATE-01,GATE-A,GRANTED,IN,NORMAL,
PHY-00340,2026-06-02T07:12:24Z,BADGE-0001,Operator,GATE-02,GATE-B,GRANTED,IN,NORMAL,
PHY-00341,2026-06-18T06:57:48Z,BADGE-0059,Engineer,GATE-04,CRANE-ZONE,GRANTED,IN,NORMAL,
PHY-00342,2026-06-05T05:52:24Z,BADGE-0104,Operator,GATE-03,CONTROL-ROOM,GRANTED,IN,NORMAL,
PHY-00343,2026-06-28T00:57:45Z,BADGE-0056,Engineer,GATE-04,YARD-A,GRANTED,IN,NORMAL,
PHY-00344,2026-06-17T02:43:29Z,BADGE-0104,Engineer,GATE-04,CONTROL-ROOM,GRANTED,OUT,NORMAL,
PHY-00345,2026-06-14T00:10:26Z,BADGE-0127,Engineer,GATE-01,CRANE-ZONE,GRANTED,IN,NORMAL,
PHY-00346,2026-06-02T11:49:29Z,BADGE-0074,Security,GATE-04,CONTROL-ROOM,GRANTED,OUT,NORMAL,
PHY-00347,2026-06-09T09:52:25Z,BADGE-0128,Engineer,GATE-02,GATE-A,GRANTED,IN,NORMAL,
PHY-00348,2026-06-28T01:41:16Z,BADGE-0061,Operator,GATE-02,YARD-B,GRANTED,OUT,NORMAL,
PHY-00349,2026-06-04T05:57:09Z,BADGE-0001,Security,GATE-03,YARD-A,GRANTED,IN,NORMAL,
PHY-00350,2026-06-14T10:41:17Z,BADGE-0130,Operator,GATE-01,CONTROL-ROOM,GRANTED,IN,SUSPICIOUS,
PHY-00351,2026-06-12T21:53:54Z,BADGE-0111,Vendor,GATE-04,CRANE-ZONE,GRANTED,OUT,NORMAL,
PHY-00352,2026-06-14T04:23:11Z,BADGE-0128,Operator,GATE-02,CRANE-ZONE,GRANTED,OUT,NORMAL,
PHY-00353,2026-06-13T13:57:35Z,BADGE-0072,Security,GATE-02,YARD-C,GRANTED,IN,SUSPICIOUS,
PHY-00354,2026-06-17T05:57:45Z,BADGE-0032,Engineer,GATE-03,YARD-B,GRANTED,IN,NORMAL,
PHY-00355,2026-06-14T22:51:27Z,BADGE-0005,Operator,GATE-02,YARD-C,GRANTED,OUT,NORMAL,
PHY-00356,2026-06-16T08:12:44Z,BADGE-0041,Vendor,GATE-01,YARD-C,GRANTED,IN,NORMAL,
PHY-00357,2026-06-29T04:45:01Z,BADGE-0080,Operator,GATE-03,CONTROL-ROOM,GRANTED,IN,NORMAL,
PHY-00358,2026-06-01T05:53:06Z,BADGE-0067,Engineer,GATE-03,GATE-A,GRANTED,OUT,NORMAL,
PHY-00359,2026-06-30T10:55:30Z,BADGE-0014,Operator,GATE-03,OT-ZONE,GRANTED,IN,NORMAL,
PHY-00360,2026-06-01T02:08:05Z,BADGE-0114,Engineer,GATE-01,OT-ZONE,GRANTED,IN,NORMAL,
PHY-00361,2026-06-18T04:05:17Z,BADGE-0119,Engineer,GATE-04,CONTROL-ROOM,GRANTED,OUT,NORMAL,
PHY-00362,2026-06-24T17:17:40Z,BADGE-0049,Engineer,GATE-04,YARD-B,GRANTED,OUT,NORMAL,
PHY-00363,2026-06-24T14:00:19Z,BADGE-0071,Engineer,GATE-04,GATE-B,GRANTED,IN,NORMAL,
PHY-00364,2026-06-01T18:57:59Z,BADGE-0101,Operator,GATE-03,YARD-C,GRANTED,IN,NORMAL,
PHY-00365,2026-06-30T19:34:46Z,BADGE-0098,Vendor,GATE-01,YARD-B,GRANTED,OUT,NORMAL,
PHY-00366,2026-06-25T07:46:33Z,BADGE-0101,Engineer,GATE-01,CRANE-ZONE,GRANTED,OUT,NORMAL,
PHY-00367,2026-06-03T17:10:22Z,BADGE-0036,Engineer,GATE-02,YARD-A,GRANTED,OUT,NORMAL,
PHY-00368,2026-06-21T06:47:48Z,BADGE-0077,Engineer,GATE-02,GATE-A,GRANTED,OUT,NORMAL,
PHY-00369,2026-06-13T20:05:53Z,BADGE-0086,Engineer,GATE-01,YARD-C,GRANTED,IN,NORMAL,
PHY-00370,2026-06-15T13:30:31Z,BADGE-0074,Vendor,GATE-03,YARD-A,GRANTED,OUT,NORMAL,
PHY-00371,2026-06-11T11:22:54Z,BADGE-0141,Engineer,GATE-03,CRANE-ZONE,GRANTED,IN,NORMAL,
PHY-00372,2026-06-14T01:12:42Z,BADGE-0034,Operator,GATE-02,OT-ZONE,GRANTED,IN,NORMAL,
PHY-00373,2026-06-20T11:53:53Z,BADGE-0001,Security,GATE-04,CRANE-ZONE,GRANTED,IN,NORMAL,
PHY-00374,2026-06-20T16:47:17Z,BADGE-0008,Vendor,GATE-04,CONTROL-ROOM,GRANTED,IN,NORMAL,
PHY-00375,2026-06-07T20:02:23Z,BADGE-0079,Engineer,GATE-04,YARD-A,GRANTED,IN,NORMAL,
PHY-00376,2026-06-02T04:21:59Z,BADGE-0094,Security,GATE-04,YARD-C,GRANTED,IN,NORMAL,
PHY-00377,2026-06-12T00:17:46Z,BADGE-0138,Security,GATE-02,OT-ZONE,GRANTED,OUT,NORMAL,
PHY-00378,2026-06-14T14:35:30Z,BADGE-0073,Security,GATE-02,YARD-B,GRANTED,OUT,NORMAL,
PHY-00379,2026-06-03T06:47:39Z,BADGE-0141,Vendor,GATE-04,YARD-A,GRANTED,IN,NORMAL,
PHY-00380,2026-06-17T06:31:28Z,BADGE-0005,Security,GATE-03,YARD-C,GRANTED,IN,NORMAL,
PHY-00381,2026-06-10T00:48:16Z,BADGE-0132,Security,GATE-03,YARD-A,GRANTED,OUT,NORMAL,
PHY-00382,2026-06-01T15:39:19Z,BADGE-0109,Vendor,GATE-02,CONTROL-ROOM,GRANTED,OUT,NORMAL,
PHY-00383,2026-06-14T02:41:18Z,BADGE-0086,Engineer,GATE-02,YARD-B,GRANTED,IN,NORMAL,
PHY-00384,2026-06-19T14:47:22Z,BADGE-0043,Vendor,GATE-02,YARD-C,GRANTED,IN,NORMAL,
PHY-00385,2026-06-28T02:29:37Z,BADGE-0050,Engineer,GATE-01,CRANE-ZONE,GRANTED,OUT,NORMAL,
PHY-00386,2026-06-11T07:25:28Z,BADGE-0005,Engineer,GATE-01,OT-ZONE,GRANTED,OUT,NORMAL,
PHY-00387,2026-06-14T22:57:27Z,BADGE-0090,Operator,GATE-01,OT-ZONE,GRANTED,IN,NORMAL,
PHY-00388,2026-06-11T09:00:38Z,BADGE-0028,Engineer,GATE-01,YARD-C,DENIED,IN,SUSPICIOUS,
PHY-00389,2026-06-13T09:28:56Z,BADGE-0129,Engineer,GATE-02,OT-ZONE,GRANTED,IN,NORMAL,
PHY-00390,2026-06-29T08:40:48Z,BADGE-0130,Security,GATE-01,YARD-A,GRANTED,OUT,NORMAL,
PHY-00391,2026-06-29T20:07:18Z,BADGE-0114,Operator,GATE-03,GATE-A,GRANTED,IN,NORMAL,
PHY-00392,2026-06-06T01:50:27Z,BADGE-0136,Vendor,GATE-04,GATE-A,GRANTED,OUT,NORMAL,
PHY-00393,2026-06-27T13:32:58Z,BADGE-0094,Security,GATE-04,YARD-B,DENIED,OUT,SUSPICIOUS,
PHY-00394,2026-06-25T09:36:00Z,BADGE-0002,Vendor,GATE-02,YARD-B,GRANTED,OUT,NORMAL,
PHY-00395,2026-06-02T14:06:39Z,BADGE-0023,Operator,GATE-03,YARD-B,GRANTED,IN,NORMAL,
PHY-00396,2026-06-16T18:39:54Z,BADGE-0103,Security,GATE-01,GATE-B,GRANTED,OUT,NORMAL,
PHY-00397,2026-06-23T21:43:47Z,BADGE-0090,Engineer,GATE-03,YARD-C,GRANTED,IN,NORMAL,
PHY-00398,2026-06-29T10:02:30Z,BADGE-0094,Vendor,GATE-03,CONTROL-ROOM,GRANTED,IN,SUSPICIOUS,
PHY-00399,2026-06-21T06:04:23Z,BADGE-0084,Operator,GATE-04,GATE-B,GRANTED,OUT,NORMAL,
PHY-00400,2026-06-29T13:44:23Z,BADGE-0094,Vendor,GATE-02,OT-ZONE,GRANTED,OUT,NORMAL,
PHY-00401,2026-06-15T21:04:47Z,BADGE-0078,Engineer,GATE-02,GATE-A,GRANTED,IN,NORMAL,
PHY-00402,2026-06-22T17:47:40Z,BADGE-0084,Engineer,GATE-02,CONTROL-ROOM,GRANTED,OUT,NORMAL,
PHY-00403,2026-06-06T18:54:35Z,BADGE-0067,Security,GATE-04,GATE-B,GRANTED,OUT,NORMAL,
PHY-00404,2026-06-10T01:51:50Z,BADGE-0066,Operator,GATE-02,YARD-B,GRANTED,OUT,NORMAL,
PHY-00405,2026-06-08T12:33:24Z,BADGE-0030,Operator,GATE-04,GATE-B,GRANTED,IN,NORMAL,
PHY-00406,2026-06-11T03:13:07Z,BADGE-0093,Operator,GATE-02,OT-ZONE,GRANTED,OUT,NORMAL,
PHY-00407,2026-06-27T03:10:10Z,BADGE-0136,Security,GATE-01,GATE-B,GRANTED,IN,NORMAL,
PHY-00408,2026-06-26T16:18:37Z,BADGE-0098,Security,GATE-01,YARD-C,GRANTED,IN,NORMAL,
PHY-00409,2026-06-16T15:09:31Z,BADGE-0090,Operator,GATE-03,CRANE-ZONE,GRANTED,OUT,NORMAL,
PHY-00410,2026-06-19T13:23:52Z,BADGE-0030,Security,GATE-03,YARD-C,GRANTED,OUT,NORMAL,
PHY-00411,2026-06-20T09:15:35Z,BADGE-0050,Operator,GATE-04,CONTROL-ROOM,GRANTED,OUT,NORMAL,
PHY-00412,2026-06-26T11:28:12Z,BADGE-0096,Vendor,GATE-01,YARD-B,GRANTED,OUT,NORMAL,
PHY-00413,2026-06-07T23:36:02Z,BADGE-0058,Vendor,GATE-04,CONTROL-ROOM,GRANTED,IN,NORMAL,
PHY-00414,2026-06-21T10:49:32Z,BADGE-0076,Security,GATE-02,CRANE-ZONE,GRANTED,OUT,NORMAL,
PHY-00415,2026-06-28T11:39:34Z,BADGE-0125,Operator,GATE-02,CRANE-ZONE,GRANTED,OUT,NORMAL,
PHY-00416,2026-06-20T23:50:49Z,BADGE-0068,Engineer,GATE-01,YARD-B,GRANTED,IN,NORMAL,
PHY-00417,2026-06-13T07:20:21Z,BADGE-0077,Vendor,GATE-04,YARD-B,GRANTED,IN,NORMAL,
PHY-00418,2026-06-21T21:59:12Z,BADGE-0132,Engineer,GATE-03,YARD-A,GRANTED,IN,NORMAL,
PHY-00419,2026-06-17T02:48:32Z,BADGE-0143,Engineer,GATE-01,CRANE-ZONE,GRANTED,IN,SUSPICIOUS,
PHY-00420,2026-06-01T17:33:16Z,BADGE-0020,Security,GATE-03,YARD-B,GRANTED,IN,NORMAL,
PHY-00421,2026-06-26T21:04:44Z,BADGE-0051,Security,GATE-01,GATE-A,DENIED,OUT,SUSPICIOUS,
PHY-00422,2026-06-05T12:39:17Z,BADGE-0015,Security,GATE-04,YARD-C,GRANTED,OUT,NORMAL,
PHY-00423,2026-06-16T10:12:30Z,BADGE-0142,Engineer,GATE-04,YARD-C,GRANTED,IN,NORMAL,
PHY-00424,2026-06-08T23:10:39Z,BADGE-0041,Engineer,GATE-04,CONTROL-ROOM,GRANTED,OUT,NORMAL,
PHY-00425,2026-06-18T23:36:14Z,BADGE-0037,Engineer,GATE-01,CRANE-ZONE,GRANTED,OUT,NORMAL,
PHY-00426,2026-06-01T01:04:26Z,BADGE-0025,Engineer,GATE-04,OT-ZONE,GRANTED,OUT,NORMAL,
PHY-00427,2026-06-27T11:07:04Z,BADGE-0024,Security,GATE-02,CONTROL-ROOM,GRANTED,IN,NORMAL,
PHY-00428,2026-06-20T22:24:09Z,BADGE-0049,Security,GATE-03,YARD-A,GRANTED,IN,NORMAL,
PHY-00429,2026-06-24T21:38:26Z,BADGE-0091,Security,GATE-01,OT-ZONE,GRANTED,OUT,NORMAL,
PHY-00430,2026-06-19T15:14:59Z,BADGE-0144,Vendor,GATE-01,CRANE-ZONE,GRANTED,OUT,NORMAL,
PHY-00431,2026-06-02T21:55:42Z,BADGE-0149,Engineer,GATE-01,YARD-A,GRANTED,OUT,NORMAL,
PHY-00432,2026-06-05T09:07:33Z,BADGE-0068,Vendor,GATE-02,OT-ZONE,GRANTED,IN,NORMAL,
PHY-00433,2026-06-06T12:55:34Z,BADGE-0090,Security,GATE-04,OT-ZONE,GRANTED,IN,NORMAL,
PHY-00434,2026-06-10T10:48:20Z,BADGE-0061,Security,GATE-01,OT-ZONE,GRANTED,OUT,SUSPICIOUS,
PHY-00435,2026-06-14T07:43:12Z,BADGE-0089,Engineer,GATE-01,YARD-C,GRANTED,IN,NORMAL,
PHY-00436,2026-06-18T17:51:45Z,BADGE-0120,Engineer,GATE-02,GATE-B,GRANTED,IN,NORMAL,
PHY-00437,2026-06-21T04:17:51Z,BADGE-0003,Vendor,GATE-04,CONTROL-ROOM,GRANTED,IN,NORMAL,
PHY-00438,2026-06-13T11:18:33Z,BADGE-0079,Vendor,GATE-04,YARD-C,GRANTED,IN,NORMAL,
PHY-00439,2026-06-05T02:44:23Z,BADGE-0006,Engineer,GATE-01,OT-ZONE,GRANTED,IN,NORMAL,
PHY-00440,2026-06-19T05:05:03Z,BADGE-0071,Engineer,GATE-02,GATE-A,GRANTED,IN,NORMAL,
PHY-00441,2026-06-02T16:50:11Z,BADGE-0006,Vendor,GATE-03,CRANE-ZONE,GRANTED,IN,NORMAL,
PHY-00442,2026-06-20T04:52:39Z,BADGE-0098,Vendor,GATE-01,CONTROL-ROOM,GRANTED,IN,NORMAL,
PHY-00443,2026-06-25T02:22:07Z,BADGE-0021,Operator,GATE-02,GATE-B,GRANTED,IN,NORMAL,
PHY-00444,2026-06-28T07:32:27Z,BADGE-0009,Security,GATE-04,OT-ZONE,GRANTED,IN,NORMAL,
PHY-00445,2026-06-17T07:30:30Z,BADGE-0128,Security,GATE-02,OT-ZONE,GRANTED,IN,NORMAL,
PHY-00446,2026-06-17T23:43:24Z,BADGE-0105,Vendor,GATE-04,GATE-B,GRANTED,OUT,NORMAL,
PHY-00447,2026-06-15T06:39:58Z,BADGE-0084,Engineer,GATE-04,YARD-B,GRANTED,OUT,SUSPICIOUS,
PHY-00448,2026-06-29T03:20:45Z,BADGE-0013,Engineer,GATE-02,YARD-A,GRANTED,IN,NORMAL,
PHY-00449,2026-06-01T20:26:04Z,BADGE-0034,Engineer,GATE-04,CRANE-ZONE,GRANTED,OUT,NORMAL,
PHY-00450,2026-06-02T19:57:05Z,BADGE-0113,Security,GATE-03,YARD-B,GRANTED,OUT,NORMAL,
PHY-00451,2026-06-22T06:17:32Z,BADGE-0085,Security,GATE-04,GATE-B,GRANTED,OUT,NORMAL,
PHY-00452,2026-06-25T02:38:18Z,BADGE-0034,Vendor,GATE-01,CRANE-ZONE,GRANTED,IN,NORMAL,
PHY-00453,2026-06-26T18:04:09Z,BADGE-0103,Vendor,GATE-01,GATE-B,GRANTED,IN,NORMAL,
PHY-00454,2026-06-19T23:18:31Z,BADGE-0029,Vendor,GATE-01,CONTROL-ROOM,GRANTED,OUT,NORMAL,
PHY-00455,2026-06-04T09:37:24Z,BADGE-0138,Engineer,GATE-02,YARD-B,GRANTED,IN,NORMAL,
PHY-00456,2026-06-11T09:07:49Z,BADGE-0011,Engineer,GATE-01,YARD-A,GRANTED,IN,NORMAL,
PHY-00457,2026-06-24T06:25:43Z,BADGE-0127,Vendor,GATE-04,CRANE-ZONE,GRANTED,OUT,NORMAL,
PHY-00458,2026-06-15T08:47:36Z,BADGE-0044,Engineer,GATE-03,GATE-A,GRANTED,IN,NORMAL,
PHY-00459,2026-06-30T22:54:50Z,BADGE-0111,Operator,GATE-02,CONTROL-ROOM,GRANTED,OUT,NORMAL,
PHY-00460,2026-06-12T06:08:16Z,BADGE-0046,Security,GATE-01,OT-ZONE,GRANTED,IN,NORMAL,
PHY-00461,2026-06-23T11:54:47Z,BADGE-0079,Security,GATE-02,CONTROL-ROOM,GRANTED,OUT,NORMAL,
PHY-00462,2026-06-15T03:16:26Z,BADGE-0037,Security,GATE-04,GATE-A,GRANTED,OUT,NORMAL,
PHY-00463,2026-06-03T22:41:14Z,BADGE-0092,Engineer,GATE-04,YARD-B,GRANTED,OUT,NORMAL,
PHY-00464,2026-06-09T12:52:03Z,BADGE-0045,Operator,GATE-01,OT-ZONE,GRANTED,IN,NORMAL,
PHY-00465,2026-06-01T11:59:41Z,BADGE-0074,Operator,GATE-02,OT-ZONE,GRANTED,IN,NORMAL,
PHY-00466,2026-06-13T14:23:21Z,BADGE-0061,Vendor,GATE-01,YARD-C,GRANTED,OUT,NORMAL,
PHY-00467,2026-06-04T10:46:44Z,BADGE-0064,Engineer,GATE-04,CRANE-ZONE,GRANTED,IN,NORMAL,
PHY-00468,2026-06-29T22:38:05Z,BADGE-0122,Operator,GATE-03,CRANE-ZONE,GRANTED,OUT,NORMAL,
PHY-00469,2026-06-24T11:09:13Z,BADGE-0114,Engineer,GATE-02,GATE-A,GRANTED,IN,NORMAL,
PHY-00470,2026-06-02T05:57:29Z,BADGE-0091,Engineer,GATE-04,YARD-B,GRANTED,IN,NORMAL,
PHY-00471,2026-06-05T20:39:09Z,BADGE-0015,Operator,GATE-01,GATE-A,GRANTED,IN,NORMAL,
PHY-00472,2026-06-05T18:53:14Z,BADGE-0062,Vendor,GATE-03,YARD-C,GRANTED,IN,NORMAL,
PHY-00473,2026-06-04T15:56:55Z,BADGE-0092,Engineer,GATE-01,CRANE-ZONE,GRANTED,IN,NORMAL,
PHY-00474,2026-06-29T16:00:57Z,BADGE-0015,Vendor,GATE-03,YARD-B,GRANTED,IN,NORMAL,
PHY-00475,2026-06-11T18:56:39Z,BADGE-0122,Security,GATE-02,GATE-A,GRANTED,OUT,NORMAL,
PHY-00476,2026-06-25T05:09:06Z,BADGE-0026,Vendor,GATE-01,GATE-B,GRANTED,OUT,NORMAL,
PHY-00477,2026-06-24T00:18:17Z,BADGE-0132,Security,GATE-03,CRANE-ZONE,GRANTED,OUT,NORMAL,
PHY-00478,2026-06-12T15:15:37Z,BADGE-0087,Security,GATE-04,GATE-B,GRANTED,OUT,NORMAL,
PHY-00479,2026-06-09T15:38:43Z,BADGE-0006,Engineer,GATE-03,YARD-C,GRANTED,OUT,NORMAL,
PHY-00480,2026-06-25T09:22:47Z,BADGE-0115,Vendor,GATE-01,YARD-C,GRANTED,IN,NORMAL,
PHY-00481,2026-06-18T19:31:22Z,BADGE-0065,Engineer,GATE-02,YARD-B,GRANTED,OUT,NORMAL,
PHY-00482,2026-06-23T12:43:52Z,BADGE-0090,Vendor,GATE-04,OT-ZONE,GRANTED,OUT,NORMAL,
PHY-00483,2026-06-23T13:13:22Z,BADGE-0055,Operator,GATE-01,YARD-A,GRANTED,IN,NORMAL,
PHY-00484,2026-06-12T07:03:10Z,BADGE-0145,Engineer,GATE-04,OT-ZONE,GRANTED,IN,NORMAL,
PHY-00485,2026-06-21T15:18:28Z,BADGE-0103,Security,GATE-04,GATE-A,GRANTED,OUT,NORMAL,
PHY-00486,2026-06-16T23:20:19Z,BADGE-0104,Engineer,GATE-01,YARD-B,GRANTED,OUT,NORMAL,
PHY-00487,2026-06-09T03:23:50Z,BADGE-0016,Vendor,GATE-02,YARD-B,GRANTED,IN,NORMAL,
PHY-00488,2026-06-02T23:46:37Z,BADGE-0113,Security,GATE-04,CRANE-ZONE,GRANTED,OUT,SUSPICIOUS,
PHY-00489,2026-06-05T19:14:28Z,BADGE-0068,Vendor,GATE-02,OT-ZONE,GRANTED,OUT,NORMAL,
PHY-00490,2026-06-05T06:44:14Z,BADGE-0130,Security,GATE-04,GATE-A,GRANTED,OUT,SUSPICIOUS,
PHY-00491,2026-06-16T14:41:48Z,BADGE-0148,Engineer,GATE-01,CRANE-ZONE,GRANTED,OUT,NORMAL,
PHY-00492,2026-06-08T15:32:06Z,BADGE-0068,Engineer,GATE-04,OT-ZONE,GRANTED,IN,NORMAL,
PHY-00493,2026-06-21T07:41:04Z,BADGE-0048,Engineer,GATE-01,YARD-C,GRANTED,IN,NORMAL,
PHY-00494,2026-06-22T02:47:07Z,BADGE-0149,Vendor,GATE-03,GATE-B,GRANTED,OUT,NORMAL,
PHY-00495,2026-06-18T15:51:11Z,BADGE-0117,Vendor,GATE-03,GATE-A,GRANTED,IN,NORMAL,
PHY-00496,2026-06-12T18:31:28Z,BADGE-0018,Engineer,GATE-02,CONTROL-ROOM,GRANTED,IN,NORMAL,
PHY-00497,2026-06-04T09:35:28Z,BADGE-0107,Engineer,GATE-02,CONTROL-ROOM,GRANTED,OUT,NORMAL,
PHY-00498,2026-06-06T11:54:34Z,BADGE-0149,Security,GATE-04,GATE-A,GRANTED,IN,NORMAL,
PHY-00499,2026-06-09T08:20:12Z,BADGE-0058,Engineer,GATE-03,GATE-A,GRANTED,IN,NORMAL,
PHY-00500,2026-06-14T01:18:52Z,BADGE-0055,Engineer,GATE-03,OT-ZONE,GRANTED,OUT,NORMAL,
PHY-00501,2026-06-08T19:37:26Z,BADGE-0135,Operator,GATE-04,OT-ZONE,GRANTED,OUT,NORMAL,
PHY-00502,2026-06-25T09:19:01Z,BADGE-0037,Operator,GATE-04,YARD-C,GRANTED,IN,NORMAL,
PHY-00503,2026-06-08T03:37:07Z,BADGE-0062,Security,GATE-01,CRANE-ZONE,GRANTED,OUT,NORMAL,
PHY-00504,2026-06-05T12:51:26Z,BADGE-0041,Security,GATE-01,CRANE-ZONE,GRANTED,OUT,NORMAL,
PHY-00505,2026-06-27T19:43:16Z,BADGE-0140,Vendor,GATE-01,GATE-B,GRANTED,IN,NORMAL,
PHY-00506,2026-06-17T16:48:08Z,BADGE-0014,Engineer,GATE-02,OT-ZONE,GRANTED,IN,NORMAL,
PHY-00507,2026-06-08T13:57:19Z,BADGE-0087,Operator,GATE-01,CONTROL-ROOM,GRANTED,OUT,NORMAL,
PHY-00508,2026-06-06T11:18:44Z,BADGE-0089,Security,GATE-04,OT-ZONE,GRANTED,IN,NORMAL,
PHY-00509,2026-06-04T04:47:25Z,BADGE-0064,Vendor,GATE-02,YARD-B,GRANTED,OUT,NORMAL,
PHY-00510,2026-06-08T02:26:30Z,BADGE-0064,Security,GATE-02,YARD-A,GRANTED,OUT,NORMAL,
PHY-00511,2026-06-06T05:22:50Z,BADGE-0129,Operator,GATE-03,GATE-A,GRANTED,IN,NORMAL,
PHY-00512,2026-06-17T14:33:35Z,BADGE-0019,Engineer,GATE-01,CRANE-ZONE,GRANTED,IN,NORMAL,
PHY-00513,2026-06-17T04:59:58Z,BADGE-0079,Vendor,GATE-03,CONTROL-ROOM,GRANTED,OUT,NORMAL,
PHY-00514,2026-06-01T22:50:30Z,BADGE-0128,Vendor,GATE-03,OT-ZONE,GRANTED,OUT,NORMAL,
PHY-00515,2026-06-17T16:12:21Z,BADGE-0115,Security,GATE-03,YARD-C,GRANTED,IN,NORMAL,
PHY-00516,2026-06-21T22:32:09Z,BADGE-0056,Engineer,GATE-02,YARD-A,GRANTED,OUT,NORMAL,
PHY-00517,2026-06-28T13:05:23Z,BADGE-0092,Security,GATE-04,CONTROL-ROOM,GRANTED,OUT,NORMAL,
PHY-00518,2026-06-09T14:37:05Z,BADGE-0102,Operator,GATE-03,CONTROL-ROOM,GRANTED,OUT,NORMAL,
PHY-00519,2026-06-29T23:34:07Z,BADGE-0141,Security,GATE-04,GATE-A,GRANTED,OUT,NORMAL,
PHY-00520,2026-06-24T23:37:20Z,BADGE-0035,Vendor,GATE-04,YARD-B,GRANTED,IN,NORMAL,
PHY-00521,2026-06-20T18:38:33Z,BADGE-0026,Operator,GATE-01,YARD-C,GRANTED,IN,NORMAL,
PHY-00522,2026-06-25T01:56:29Z,BADGE-0112,Operator,GATE-04,CONTROL-ROOM,GRANTED,IN,NORMAL,
PHY-00523,2026-06-04T23:28:46Z,BADGE-0111,Operator,GATE-01,YARD-C,GRANTED,OUT,NORMAL,
PHY-00524,2026-06-08T19:26:13Z,BADGE-0123,Vendor,GATE-03,YARD-B,GRANTED,OUT,NORMAL,
PHY-00525,2026-06-20T04:18:21Z,BADGE-0076,Engineer,GATE-04,GATE-A,GRANTED,OUT,NORMAL,
PHY-00526,2026-06-27T07:15:16Z,BADGE-0108,Engineer,GATE-02,YARD-A,GRANTED,OUT,NORMAL,
PHY-00527,2026-06-19T01:48:13Z,BADGE-0072,Operator,GATE-02,GATE-B,GRANTED,OUT,NORMAL,
PHY-00528,2026-06-09T15:45:09Z,BADGE-0072,Security,GATE-04,CONTROL-ROOM,GRANTED,OUT,NORMAL,
PHY-00529,2026-06-21T20:28:26Z,BADGE-0009,Engineer,GATE-03,OT-ZONE,GRANTED,OUT,NORMAL,
PHY-00530,2026-06-05T02:59:02Z,BADGE-0103,Operator,GATE-01,CRANE-ZONE,GRANTED,OUT,NORMAL,
PHY-00531,2026-06-23T05:57:21Z,BADGE-0041,Security,GATE-02,GATE-B,GRANTED,OUT,NORMAL,
PHY-00532,2026-06-24T11:09:22Z,BADGE-0098,Vendor,GATE-01,OT-ZONE,GRANTED,OUT,NORMAL,
PHY-00533,2026-06-30T13:29:58Z,BADGE-0060,Vendor,GATE-03,CONTROL-ROOM,GRANTED,OUT,NORMAL,
PHY-00534,2026-06-07T07:17:22Z,BADGE-0115,Operator,GATE-04,YARD-B,GRANTED,IN,NORMAL,
PHY-00535,2026-06-30T21:53:30Z,BADGE-0126,Vendor,GATE-01,YARD-C,GRANTED,IN,NORMAL,
PHY-00536,2026-06-06T08:38:18Z,BADGE-0142,Vendor,GATE-02,YARD-C,GRANTED,IN,SUSPICIOUS,
PHY-00537,2026-06-21T23:32:03Z,BADGE-0035,Security,GATE-04,YARD-A,GRANTED,OUT,NORMAL,
PHY-00538,2026-06-25T18:56:21Z,BADGE-0029,Vendor,GATE-03,YARD-B,GRANTED,OUT,NORMAL,
PHY-00539,2026-06-21T01:21:32Z,BADGE-0052,Operator,GATE-04,GATE-B,DENIED,IN,SUSPICIOUS,
PHY-00540,2026-06-27T22:35:41Z,BADGE-0043,Operator,GATE-01,GATE-A,GRANTED,OUT,NORMAL,
PHY-00541,2026-06-17T13:47:11Z,BADGE-0038,Engineer,GATE-03,YARD-A,GRANTED,IN,NORMAL,
PHY-00542,2026-06-26T13:15:05Z,BADGE-0023,Security,GATE-02,CRANE-ZONE,GRANTED,IN,NORMAL,
PHY-00543,2026-06-27T12:48:11Z,BADGE-0012,Operator,GATE-04,OT-ZONE,GRANTED,OUT,NORMAL,
PHY-00544,2026-06-20T07:39:01Z,BADGE-0126,Engineer,GATE-03,YARD-A,GRANTED,IN,NORMAL,
PHY-00545,2026-06-24T19:15:18Z,BADGE-0039,Operator,GATE-01,OT-ZONE,GRANTED,IN,NORMAL,
PHY-00546,2026-06-12T13:53:21Z,BADGE-0038,Vendor,GATE-04,YARD-A,GRANTED,OUT,SUSPICIOUS,
PHY-00547,2026-06-14T23:06:26Z,BADGE-0107,Engineer,GATE-02,OT-ZONE,GRANTED,IN,NORMAL,
PHY-00548,2026-06-16T23:29:32Z,BADGE-0024,Engineer,GATE-03,GATE-A,GRANTED,OUT,NORMAL,
PHY-00549,2026-06-14T23:52:20Z,BADGE-0043,Vendor,GATE-03,GATE-A,GRANTED,OUT,NORMAL,
PHY-00550,2026-06-24T15:20:44Z,BADGE-0038,Vendor,GATE-01,CRANE-ZONE,GRANTED,OUT,NORMAL,
PHY-00551,2026-06-28T14:42:04Z,BADGE-0097,Vendor,GATE-01,YARD-C,GRANTED,OUT,NORMAL,
PHY-00552,2026-06-21T09:23:51Z,BADGE-0009,Vendor,GATE-01,GATE-A,GRANTED,OUT,NORMAL,
PHY-00553,2026-06-25T18:44:25Z,BADGE-0002,Vendor,GATE-04,YARD-A,GRANTED,OUT,NORMAL,
PHY-00554,2026-06-08T01:52:00Z,BADGE-0069,Vendor,GATE-02,YARD-A,GRANTED,IN,NORMAL,
PHY-00555,2026-06-15T17:14:53Z,BADGE-0097,Operator,GATE-04,CRANE-ZONE,GRANTED,OUT,NORMAL,
PHY-00556,2026-06-20T19:11:55Z,BADGE-0142,Engineer,GATE-03,CRANE-ZONE,GRANTED,OUT,NORMAL,
PHY-00557,2026-06-25T17:53:12Z,BADGE-0110,Vendor,GATE-04,GATE-B,GRANTED,OUT,NORMAL,
PHY-00558,2026-06-10T08:11:17Z,BADGE-0149,Operator,GATE-04,CONTROL-ROOM,GRANTED,IN,NORMAL,
PHY-00559,2026-06-10T02:30:17Z,BADGE-0036,Vendor,GATE-02,YARD-C,GRANTED,IN,NORMAL,
PHY-00560,2026-06-29T19:21:41Z,BADGE-0014,Vendor,GATE-02,GATE-A,GRANTED,OUT,NORMAL,
PHY-00561,2026-06-15T05:12:56Z,BADGE-0084,Engineer,GATE-04,OT-ZONE,GRANTED,IN,NORMAL,
PHY-00562,2026-06-10T21:06:56Z,BADGE-0018,Engineer,GATE-03,YARD-A,GRANTED,IN,NORMAL,
PHY-00563,2026-06-02T18:10:15Z,BADGE-0138,Vendor,GATE-04,YARD-C,GRANTED,OUT,NORMAL,
PHY-00564,2026-06-14T17:46:19Z,BADGE-0035,Vendor,GATE-03,YARD-C,GRANTED,IN,NORMAL,
PHY-00565,2026-06-30T11:17:48Z,BADGE-0114,Operator,GATE-03,GATE-A,GRANTED,OUT,NORMAL,
PHY-00566,2026-06-18T18:24:43Z,BADGE-0027,Vendor,GATE-03,YARD-A,GRANTED,OUT,NORMAL,
PHY-00567,2026-06-11T08:58:34Z,BADGE-0088,Operator,GATE-02,CRANE-ZONE,GRANTED,OUT,NORMAL,
PHY-00568,2026-06-25T03:11:41Z,BADGE-0063,Operator,GATE-02,OT-ZONE,GRANTED,IN,NORMAL,
PHY-00569,2026-06-15T05:04:49Z,BADGE-0141,Vendor,GATE-03,GATE-B,GRANTED,IN,NORMAL,
PHY-00570,2026-06-08T15:27:58Z,BADGE-0036,Engineer,GATE-04,YARD-B,GRANTED,IN,NORMAL,
PHY-00571,2026-06-25T23:43:27Z,BADGE-0132,Operator,GATE-04,GATE-A,GRANTED,IN,NORMAL,
PHY-00572,2026-06-30T09:27:48Z,BADGE-0149,Operator,GATE-01,YARD-B,GRANTED,IN,NORMAL,
PHY-00573,2026-06-03T22:36:27Z,BADGE-0135,Vendor,GATE-04,GATE-A,GRANTED,OUT,NORMAL,
PHY-00574,2026-06-05T00:51:18Z,BADGE-0090,Security,GATE-04,YARD-C,GRANTED,IN,NORMAL,
PHY-00575,2026-06-16T11:53:51Z,BADGE-0134,Security,GATE-03,YARD-C,GRANTED,OUT,NORMAL,
PHY-00576,2026-06-15T16:05:26Z,BADGE-0004,Security,GATE-03,GATE-A,GRANTED,OUT,NORMAL,
PHY-00577,2026-06-19T06:50:07Z,BADGE-0079,Engineer,GATE-01,OT-ZONE,GRANTED,OUT,NORMAL,
PHY-00578,2026-06-28T11:17:05Z,BADGE-0026,Engineer,GATE-04,YARD-B,GRANTED,IN,NORMAL,
PHY-00579,2026-06-07T16:25:16Z,BADGE-0004,Vendor,GATE-03,YARD-A,GRANTED,IN,NORMAL,
PHY-00580,2026-06-23T17:01:56Z,BADGE-0075,Security,GATE-02,GATE-B,GRANTED,IN,NORMAL,
PHY-00581,2026-06-01T13:40:51Z,BADGE-0104,Operator,GATE-02,GATE-B,GRANTED,IN,NORMAL,
PHY-00582,2026-06-18T16:12:37Z,BADGE-0021,Operator,GATE-03,YARD-C,GRANTED,OUT,NORMAL,
PHY-00583,2026-06-22T17:43:08Z,BADGE-0091,Operator,GATE-01,GATE-B,GRANTED,IN,NORMAL,
PHY-00584,2026-06-24T04:51:59Z,BADGE-0034,Vendor,GATE-03,YARD-B,GRANTED,OUT,NORMAL,
PHY-00585,2026-06-27T17:18:56Z,BADGE-0059,Operator,GATE-01,YARD-A,GRANTED,OUT,NORMAL,
PHY-00586,2026-06-14T17:00:11Z,BADGE-0035,Engineer,GATE-02,GATE-B,GRANTED,OUT,NORMAL,
PHY-00587,2026-06-09T22:17:10Z,BADGE-0013,Engineer,GATE-04,YARD-A,GRANTED,IN,NORMAL,
PHY-00588,2026-06-17T00:23:40Z,BADGE-0029,Vendor,GATE-03,GATE-B,GRANTED,IN,NORMAL,
PHY-00589,2026-06-12T12:37:06Z,BADGE-0102,Security,GATE-04,OT-ZONE,GRANTED,IN,NORMAL,
PHY-00590,2026-06-08T14:16:34Z,BADGE-0040,Vendor,GATE-03,CONTROL-ROOM,GRANTED,IN,NORMAL,
PHY-00591,2026-06-18T17:24:46Z,BADGE-0017,Operator,GATE-03,YARD-C,GRANTED,OUT,NORMAL,
PHY-00592,2026-06-09T12:32:16Z,BADGE-0070,Operator,GATE-02,GATE-A,GRANTED,IN,NORMAL,
PHY-00593,2026-06-07T05:06:28Z,BADGE-0124,Security,GATE-04,YARD-C,GRANTED,IN,NORMAL,
PHY-00594,2026-06-01T04:51:10Z,BADGE-0013,Security,GATE-04,YARD-B,GRANTED,IN,NORMAL,
PHY-00595,2026-06-28T20:13:45Z,BADGE-0059,Engineer,GATE-01,OT-ZONE,GRANTED,IN,NORMAL,
PHY-00596,2026-06-14T11:37:16Z,BADGE-0120,Engineer,GATE-03,YARD-B,GRANTED,IN,NORMAL,
PHY-00597,2026-06-08T17:35:13Z,BADGE-0095,Engineer,GATE-02,OT-ZONE,GRANTED,IN,NORMAL,
PHY-00598,2026-06-22T00:12:39Z,BADGE-0022,Operator,GATE-01,YARD-B,GRANTED,IN,NORMAL,
PHY-00599,2026-06-14T03:26:43Z,BADGE-0103,Security,GATE-01,CONTROL-ROOM,GRANTED,OUT,NORMAL,
PHY-00600,2026-06-28T23:30:56Z,BADGE-0146,Security,GATE-03,GATE-B,GRANTED,IN,NORMAL,
PHY-00601,2026-06-22T17:37:51Z,BADGE-0055,Engineer,GATE-02,YARD-A,GRANTED,IN,NORMAL,
PHY-00602,2026-06-02T07:33:57Z,BADGE-0017,Security,GATE-03,YARD-A,GRANTED,OUT,NORMAL,
PHY-00603,2026-06-14T07:00:28Z,BADGE-0124,Operator,GATE-03,YARD-A,GRANTED,OUT,SUSPICIOUS,
PHY-00604,2026-06-01T19:56:41Z,BADGE-0097,Security,GATE-03,YARD-B,GRANTED,OUT,NORMAL,
PHY-00605,2026-06-08T12:54:42Z,BADGE-0137,Security,GATE-03,CRANE-ZONE,GRANTED,OUT,NORMAL,
PHY-00606,2026-06-24T07:47:21Z,BADGE-0059,Operator,GATE-04,GATE-A,GRANTED,OUT,NORMAL,
PHY-00607,2026-06-15T12:31:24Z,BADGE-0061,Vendor,GATE-02,CRANE-ZONE,GRANTED,OUT,NORMAL,
PHY-00608,2026-06-30T10:59:02Z,BADGE-0097,Vendor,GATE-02,YARD-A,GRANTED,IN,NORMAL,
PHY-00609,2026-06-21T02:50:12Z,BADGE-0033,Operator,GATE-02,YARD-C,GRANTED,IN,NORMAL,
PHY-00610,2026-06-22T03:15:10Z,BADGE-0122,Security,GATE-03,GATE-B,GRANTED,OUT,NORMAL,
PHY-00611,2026-06-25T23:35:43Z,BADGE-0016,Engineer,GATE-02,YARD-B,GRANTED,OUT,NORMAL,
PHY-00612,2026-06-10T07:05:12Z,BADGE-0007,Security,GATE-02,YARD-B,GRANTED,IN,NORMAL,
PHY-00613,2026-06-28T01:53:40Z,BADGE-0003,Operator,GATE-02,CONTROL-ROOM,GRANTED,OUT,NORMAL,
PHY-00614,2026-06-03T05:30:07Z,BADGE-0130,Vendor,GATE-03,YARD-C,GRANTED,OUT,NORMAL,
PHY-00615,2026-06-02T19:05:33Z,BADGE-0121,Vendor,GATE-02,GATE-A,GRANTED,IN,NORMAL,
PHY-00616,2026-06-15T05:07:58Z,BADGE-0130,Operator,GATE-03,YARD-A,GRANTED,OUT,NORMAL,
PHY-00617,2026-06-21T18:12:30Z,BADGE-0122,Engineer,GATE-04,OT-ZONE,GRANTED,OUT,NORMAL,
PHY-00618,2026-06-08T21:18:40Z,BADGE-0006,Vendor,GATE-01,YARD-A,GRANTED,OUT,NORMAL,
PHY-00619,2026-06-16T17:08:23Z,BADGE-0034,Vendor,GATE-04,CRANE-ZONE,GRANTED,OUT,NORMAL,
PHY-00620,2026-06-18T07:56:10Z,BADGE-0098,Engineer,GATE-01,YARD-A,GRANTED,OUT,NORMAL,
PHY-00621,2026-06-30T00:48:58Z,BADGE-0081,Engineer,GATE-03,CRANE-ZONE,GRANTED,OUT,NORMAL,
PHY-00622,2026-06-22T05:29:11Z,BADGE-0127,Engineer,GATE-02,YARD-A,GRANTED,IN,NORMAL,
PHY-00623,2026-06-15T07:49:38Z,BADGE-0093,Operator,GATE-01,YARD-C,GRANTED,IN,NORMAL,
PHY-00624,2026-06-09T08:40:04Z,BADGE-0091,Engineer,GATE-03,YARD-C,GRANTED,OUT,NORMAL,
PHY-00625,2026-06-21T00:20:14Z,BADGE-0050,Security,GATE-03,CRANE-ZONE,GRANTED,OUT,NORMAL,
PHY-00626,2026-06-11T19:00:39Z,BADGE-0129,Engineer,GATE-02,YARD-B,GRANTED,IN,NORMAL,
PHY-00627,2026-06-21T22:24:49Z,BADGE-0133,Vendor,GATE-01,OT-ZONE,GRANTED,OUT,NORMAL,
PHY-00628,2026-06-05T16:07:14Z,BADGE-0094,Security,GATE-02,OT-ZONE,GRANTED,IN,NORMAL,
PHY-00629,2026-06-26T21:14:55Z,BADGE-0004,Engineer,GATE-04,YARD-B,GRANTED,IN,NORMAL,
PHY-00630,2026-06-25T12:16:52Z,BADGE-0024,Engineer,GATE-02,CONTROL-ROOM,GRANTED,IN,NORMAL,
PHY-00631,2026-06-06T12:28:59Z,BADGE-0070,Operator,GATE-03,YARD-B,GRANTED,OUT,NORMAL,
PHY-00632,2026-06-13T09:46:31Z,BADGE-0117,Security,GATE-03,CRANE-ZONE,GRANTED,IN,NORMAL,
PHY-00633,2026-06-23T13:33:31Z,BADGE-0010,Engineer,GATE-03,YARD-A,GRANTED,IN,SUSPICIOUS,
PHY-00634,2026-06-19T02:21:41Z,BADGE-0105,Vendor,GATE-04,CRANE-ZONE,GRANTED,IN,NORMAL,
PHY-00635,2026-06-25T12:34:17Z,BADGE-0139,Engineer,GATE-02,YARD-B,GRANTED,IN,NORMAL,
PHY-00636,2026-06-04T02:51:26Z,BADGE-0008,Engineer,GATE-03,GATE-B,GRANTED,OUT,NORMAL,
PHY-00637,2026-06-23T21:52:37Z,BADGE-0150,Security,GATE-03,GATE-A,GRANTED,OUT,NORMAL,
PHY-00638,2026-06-18T03:09:56Z,BADGE-0027,Vendor,GATE-01,YARD-B,GRANTED,IN,NORMAL,
PHY-00639,2026-06-08T16:17:53Z,BADGE-0096,Operator,GATE-02,CONTROL-ROOM,GRANTED,OUT,NORMAL,
PHY-00640,2026-06-17T19:48:31Z,BADGE-0038,Engineer,GATE-04,CRANE-ZONE,GRANTED,IN,NORMAL,
PHY-00641,2026-06-17T06:59:47Z,BADGE-0046,Security,GATE-01,CONTROL-ROOM,GRANTED,IN,NORMAL,
PHY-00642,2026-06-01T00:37:17Z,BADGE-0077,Vendor,GATE-04,CRANE-ZONE,GRANTED,IN,NORMAL,
PHY-00643,2026-06-26T15:03:19Z,BADGE-0011,Operator,GATE-01,GATE-A,GRANTED,IN,NORMAL,
PHY-00644,2026-06-18T13:08:30Z,BADGE-0134,Vendor,GATE-04,OT-ZONE,GRANTED,OUT,NORMAL,
PHY-00645,2026-06-25T02:43:36Z,BADGE-0002,Engineer,GATE-03,CONTROL-ROOM,GRANTED,OUT,NORMAL,
PHY-00646,2026-06-14T02:36:00Z,BADGE-0101,Vendor,GATE-03,GATE-B,GRANTED,OUT,NORMAL,
PHY-00647,2026-06-12T17:45:00Z,BADGE-0061,Operator,GATE-02,CONTROL-ROOM,GRANTED,IN,NORMAL,
PHY-00648,2026-06-05T23:10:55Z,BADGE-0004,Engineer,GATE-03,OT-ZONE,GRANTED,IN,NORMAL,
PHY-00649,2026-06-01T17:04:16Z,BADGE-0070,Operator,GATE-04,YARD-A,GRANTED,IN,NORMAL,
PHY-00650,2026-06-15T00:08:17Z,BADGE-0088,Operator,GATE-02,YARD-C,GRANTED,OUT,NORMAL,
PHY-00651,2026-06-14T11:04:37Z,BADGE-0070,Operator,GATE-03,YARD-A,GRANTED,OUT,NORMAL,
PHY-00652,2026-06-11T09:27:17Z,BADGE-0004,Vendor,GATE-04,GATE-A,GRANTED,OUT,NORMAL,
PHY-00653,2026-06-18T04:35:46Z,BADGE-0128,Vendor,GATE-03,CONTROL-ROOM,GRANTED,OUT,NORMAL,
PHY-00654,2026-06-03T01:18:20Z,BADGE-0070,Vendor,GATE-02,GATE-A,GRANTED,OUT,NORMAL,
PHY-00655,2026-06-18T22:36:50Z,BADGE-0109,Security,GATE-04,CRANE-ZONE,GRANTED,IN,NORMAL,
PHY-00656,2026-06-01T22:42:52Z,BADGE-0096,Vendor,GATE-04,OT-ZONE,GRANTED,OUT,NORMAL,
PHY-00657,2026-06-18T04:29:54Z,BADGE-0008,Operator,GATE-04,YARD-A,GRANTED,OUT,NORMAL,
PHY-00658,2026-06-25T09:06:28Z,BADGE-0117,Operator,GATE-03,YARD-A,GRANTED,OUT,NORMAL,
PHY-00659,2026-06-19T20:52:54Z,BADGE-0011,Vendor,GATE-03,CRANE-ZONE,GRANTED,OUT,NORMAL,
PHY-00660,2026-06-06T15:05:58Z,BADGE-0066,Operator,GATE-01,CRANE-ZONE,GRANTED,IN,NORMAL,
PHY-00661,2026-06-27T07:31:12Z,BADGE-0137,Engineer,GATE-02,CONTROL-ROOM,GRANTED,IN,NORMAL,
PHY-00662,2026-06-16T10:17:36Z,BADGE-0040,Vendor,GATE-04,YARD-A,GRANTED,IN,NORMAL,
PHY-00663,2026-06-04T00:30:54Z,BADGE-0016,Vendor,GATE-02,CRANE-ZONE,GRANTED,OUT,NORMAL,
PHY-00664,2026-06-04T03:12:06Z,BADGE-0096,Operator,GATE-02,GATE-B,GRANTED,IN,NORMAL,
PHY-00665,2026-06-03T23:39:03Z,BADGE-0110,Vendor,GATE-02,YARD-A,GRANTED,IN,NORMAL,
PHY-00666,2026-06-01T03:34:11Z,BADGE-0050,Security,GATE-02,YARD-A,GRANTED,OUT,NORMAL,
PHY-00667,2026-06-01T12:36:36Z,BADGE-0050,Security,GATE-04,YARD-A,GRANTED,OUT,NORMAL,
PHY-00668,2026-06-02T06:17:41Z,BADGE-0138,Operator,GATE-02,GATE-B,GRANTED,IN,NORMAL,
PHY-00669,2026-06-12T20:56:52Z,BADGE-0013,Engineer,GATE-04,CRANE-ZONE,GRANTED,OUT,NORMAL,
PHY-00670,2026-06-22T05:03:47Z,BADGE-0117,Vendor,GATE-04,CONTROL-ROOM,GRANTED,OUT,NORMAL,
PHY-00671,2026-06-14T02:18:31Z,BADGE-0120,Vendor,GATE-02,OT-ZONE,GRANTED,OUT,NORMAL,
PHY-00672,2026-06-09T12:05:17Z,BADGE-0036,Engineer,GATE-04,CONTROL-ROOM,GRANTED,OUT,NORMAL,
PHY-00673,2026-06-29T13:53:11Z,BADGE-0135,Vendor,GATE-01,YARD-A,GRANTED,IN,NORMAL,
PHY-00674,2026-06-30T14:52:08Z,BADGE-0089,Engineer,GATE-02,YARD-A,GRANTED,OUT,NORMAL,
PHY-00675,2026-06-21T02:16:41Z,BADGE-0111,Vendor,GATE-03,CRANE-ZONE,GRANTED,IN,NORMAL,
PHY-00676,2026-06-16T23:56:45Z,BADGE-0044,Operator,GATE-02,GATE-B,GRANTED,OUT,NORMAL,
PHY-00677,2026-06-17T14:02:26Z,BADGE-0052,Engineer,GATE-01,GATE-B,GRANTED,IN,NORMAL,
PHY-00678,2026-06-02T07:24:58Z,BADGE-0026,Vendor,GATE-04,YARD-A,GRANTED,OUT,NORMAL,
PHY-00679,2026-06-01T03:37:05Z,BADGE-0104,Operator,GATE-03,GATE-A,GRANTED,IN,NORMAL,
PHY-00680,2026-06-10T05:18:56Z,BADGE-0069,Operator,GATE-02,CONTROL-ROOM,GRANTED,OUT,NORMAL,
PHY-00681,2026-06-10T00:55:58Z,BADGE-0041,Operator,GATE-01,CONTROL-ROOM,GRANTED,OUT,NORMAL,
PHY-00682,2026-06-10T00:23:45Z,BADGE-0125,Vendor,GATE-02,CONTROL-ROOM,GRANTED,OUT,NORMAL,
PHY-00683,2026-06-01T01:31:18Z,BADGE-0098,Security,GATE-04,CRANE-ZONE,GRANTED,IN,NORMAL,
PHY-00684,2026-06-18T08:38:10Z,BADGE-0130,Operator,GATE-01,YARD-B,GRANTED,OUT,NORMAL,
PHY-00685,2026-06-30T17:00:52Z,BADGE-0077,Vendor,GATE-01,OT-ZONE,GRANTED,OUT,NORMAL,
PHY-00686,2026-06-26T22:33:07Z,BADGE-0060,Engineer,GATE-03,YARD-B,GRANTED,OUT,NORMAL,
PHY-00687,2026-06-06T13:18:03Z,BADGE-0124,Vendor,GATE-04,CRANE-ZONE,GRANTED,IN,NORMAL,
PHY-00688,2026-06-22T07:17:34Z,BADGE-0075,Security,GATE-04,OT-ZONE,GRANTED,IN,NORMAL,
PHY-00689,2026-06-22T10:10:07Z,BADGE-0080,Security,GATE-03,YARD-C,GRANTED,OUT,NORMAL,
PHY-00690,2026-06-06T13:26:53Z,BADGE-0010,Vendor,GATE-03,YARD-A,GRANTED,IN,NORMAL,
PHY-00691,2026-06-03T13:20:43Z,BADGE-0067,Security,GATE-01,YARD-B,GRANTED,IN,NORMAL,
PHY-00692,2026-06-28T18:22:49Z,BADGE-0036,Security,GATE-03,GATE-A,GRANTED,OUT,NORMAL,
PHY-00693,2026-06-11T15:23:09Z,BADGE-0141,Operator,GATE-03,YARD-C,GRANTED,OUT,NORMAL,
PHY-00694,2026-06-25T07:00:04Z,BADGE-0013,Engineer,GATE-04,YARD-B,GRANTED,OUT,NORMAL,
PHY-00695,2026-06-15T05:38:04Z,BADGE-0084,Security,GATE-02,OT-ZONE,GRANTED,IN,NORMAL,
PHY-00696,2026-06-21T04:53:05Z,BADGE-0053,Operator,GATE-02,GATE-B,GRANTED,IN,NORMAL,
PHY-00697,2026-06-10T09:21:55Z,BADGE-0016,Engineer,GATE-02,CONTROL-ROOM,GRANTED,OUT,NORMAL,
PHY-00698,2026-06-29T09:59:18Z,BADGE-0046,Vendor,GATE-03,OT-ZONE,GRANTED,OUT,NORMAL,
PHY-00699,2026-06-12T10:49:31Z,BADGE-0129,Operator,GATE-04,YARD-C,GRANTED,OUT,NORMAL,
PHY-00700,2026-06-18T12:33:31Z,BADGE-0116,Security,GATE-04,OT-ZONE,GRANTED,IN,NORMAL,
PHY-00701,2026-06-30T21:10:22Z,BADGE-0021,Operator,GATE-03,YARD-B,GRANTED,OUT,NORMAL,
PHY-00702,2026-06-17T11:13:25Z,BADGE-0149,Operator,GATE-03,GATE-B,GRANTED,IN,NORMAL,
PHY-00703,2026-06-18T18:46:18Z,BADGE-0136,Security,GATE-01,OT-ZONE,DENIED,OUT,SUSPICIOUS,
PHY-00704,2026-06-12T10:31:17Z,BADGE-0143,Vendor,GATE-03,CONTROL-ROOM,GRANTED,OUT,NORMAL,
PHY-00705,2026-06-19T00:52:16Z,BADGE-0008,Engineer,GATE-03,CRANE-ZONE,DENIED,IN,SUSPICIOUS,
PHY-00706,2026-06-17T04:02:43Z,BADGE-0012,Operator,GATE-03,YARD-A,GRANTED,IN,NORMAL,
PHY-00707,2026-06-23T13:33:19Z,BADGE-0043,Vendor,GATE-04,YARD-A,GRANTED,OUT,NORMAL,
PHY-00708,2026-06-11T20:51:01Z,BADGE-0065,Engineer,GATE-02,CONTROL-ROOM,GRANTED,OUT,SUSPICIOUS,
PHY-00709,2026-06-08T04:14:04Z,BADGE-0004,Engineer,GATE-04,OT-ZONE,GRANTED,IN,NORMAL,
PHY-00710,2026-06-14T09:11:35Z,BADGE-0037,Engineer,GATE-03,CRANE-ZONE,GRANTED,IN,NORMAL,
PHY-00711,2026-06-03T06:55:17Z,BADGE-0093,Engineer,GATE-02,CONTROL-ROOM,GRANTED,IN,NORMAL,
PHY-00712,2026-06-13T08:06:39Z,BADGE-0074,Security,GATE-02,YARD-C,GRANTED,IN,NORMAL,
PHY-00713,2026-06-17T02:27:34Z,BADGE-0043,Security,GATE-02,YARD-B,GRANTED,IN,NORMAL,
PHY-00714,2026-06-18T12:21:57Z,BADGE-0119,Security,GATE-03,OT-ZONE,GRANTED,OUT,NORMAL,
PHY-00715,2026-06-23T12:39:13Z,BADGE-0122,Security,GATE-04,YARD-A,GRANTED,OUT,NORMAL,
PHY-00716,2026-06-11T02:01:58Z,BADGE-0150,Security,GATE-03,GATE-B,GRANTED,IN,NORMAL,
PHY-00717,2026-06-02T17:08:19Z,BADGE-0093,Engineer,GATE-02,GATE-A,GRANTED,IN,NORMAL,
PHY-00718,2026-06-14T00:58:10Z,BADGE-0132,Security,GATE-04,CRANE-ZONE,GRANTED,IN,SUSPICIOUS,
PHY-00719,2026-06-21T09:14:19Z,BADGE-0126,Operator,GATE-04,OT-ZONE,GRANTED,OUT,NORMAL,
PHY-00720,2026-06-27T20:27:23Z,BADGE-0091,Engineer,GATE-03,YARD-C,GRANTED,IN,NORMAL,
PHY-00721,2026-06-29T23:00:16Z,BADGE-0128,Vendor,GATE-03,YARD-B,GRANTED,OUT,NORMAL,
PHY-00722,2026-06-19T00:04:44Z,BADGE-0092,Engineer,GATE-01,OT-ZONE,GRANTED,IN,NORMAL,
PHY-00723,2026-06-01T10:56:26Z,BADGE-0136,Operator,GATE-02,YARD-C,GRANTED,OUT,NORMAL,
PHY-00724,2026-06-11T10:44:06Z,BADGE-0145,Engineer,GATE-04,YARD-C,GRANTED,IN,NORMAL,
PHY-00725,2026-06-29T12:08:20Z,BADGE-0009,Operator,GATE-03,CONTROL-ROOM,GRANTED,OUT,NORMAL,
PHY-00726,2026-06-27T12:04:22Z,BADGE-0044,Engineer,GATE-04,GATE-A,GRANTED,OUT,NORMAL,
PHY-00727,2026-06-26T15:16:54Z,BADGE-0018,Security,GATE-02,CONTROL-ROOM,GRANTED,OUT,NORMAL,
PHY-00728,2026-06-01T12:54:21Z,BADGE-0018,Security,GATE-03,OT-ZONE,GRANTED,OUT,NORMAL,
PHY-00729,2026-06-25T08:04:59Z,BADGE-0064,Vendor,GATE-02,GATE-A,GRANTED,OUT,NORMAL,
PHY-00730,2026-06-21T14:17:16Z,BADGE-0093,Security,GATE-04,CRANE-ZONE,GRANTED,OUT,SUSPICIOUS,
PHY-00731,2026-06-28T02:16:10Z,BADGE-0105,Security,GATE-01,YARD-B,GRANTED,IN,NORMAL,
PHY-00732,2026-06-14T18:57:05Z,BADGE-0093,Security,GATE-01,CRANE-ZONE,GRANTED,OUT,NORMAL,
PHY-00733,2026-06-15T01:21:32Z,BADGE-0091,Engineer,GATE-01,CRANE-ZONE,GRANTED,OUT,NORMAL,
PHY-00734,2026-06-11T17:06:49Z,BADGE-0124,Operator,GATE-01,YARD-C,GRANTED,OUT,NORMAL,
PHY-00735,2026-06-14T22:51:10Z,BADGE-0113,Operator,GATE-03,CONTROL-ROOM,GRANTED,OUT,NORMAL,
PHY-00736,2026-06-17T08:12:44Z,BADGE-0132,Operator,GATE-01,YARD-B,GRANTED,IN,NORMAL,
PHY-00737,2026-06-30T20:20:56Z,BADGE-0012,Security,GATE-01,CRANE-ZONE,GRANTED,IN,NORMAL,
PHY-00738,2026-06-07T06:49:01Z,BADGE-0081,Security,GATE-02,OT-ZONE,GRANTED,OUT,NORMAL,
PHY-00739,2026-06-15T14:36:30Z,BADGE-0005,Vendor,GATE-03,YARD-C,DENIED,IN,SUSPICIOUS,
PHY-00740,2026-06-04T14:31:41Z,BADGE-0046,Security,GATE-03,YARD-A,GRANTED,OUT,NORMAL,
PHY-00741,2026-06-30T11:14:49Z,BADGE-0053,Vendor,GATE-04,OT-ZONE,GRANTED,IN,NORMAL,
PHY-00742,2026-06-13T07:19:21Z,BADGE-0091,Security,GATE-02,GATE-B,GRANTED,IN,NORMAL,
PHY-00743,2026-06-09T18:09:49Z,BADGE-0059,Security,GATE-02,YARD-C,GRANTED,IN,NORMAL,
PHY-00744,2026-06-19T00:16:48Z,BADGE-0014,Operator,GATE-01,GATE-B,GRANTED,IN,NORMAL,
PHY-00745,2026-06-14T12:53:29Z,BADGE-0118,Engineer,GATE-04,OT-ZONE,GRANTED,IN,NORMAL,
PHY-00746,2026-06-10T22:36:38Z,BADGE-0054,Engineer,GATE-02,YARD-A,GRANTED,OUT,NORMAL,
PHY-00747,2026-06-18T13:55:38Z,BADGE-0092,Operator,GATE-02,YARD-B,GRANTED,OUT,NORMAL,
PHY-00748,2026-06-09T03:08:07Z,BADGE-0058,Security,GATE-01,OT-ZONE,GRANTED,IN,NORMAL,
PHY-00749,2026-06-26T17:49:54Z,BADGE-0109,Engineer,GATE-03,CONTROL-ROOM,GRANTED,OUT,NORMAL,
PHY-00750,2026-06-03T09:04:55Z,BADGE-0127,Security,GATE-01,GATE-A,GRANTED,IN,NORMAL,
PHY-00751,2026-06-29T19:25:42Z,BADGE-0122,Engineer,GATE-04,YARD-C,GRANTED,OUT,NORMAL,
PHY-00752,2026-06-18T09:39:33Z,BADGE-0042,Operator,GATE-02,YARD-C,GRANTED,OUT,NORMAL,
PHY-00753,2026-06-06T06:19:50Z,BADGE-0076,Operator,GATE-03,GATE-B,GRANTED,OUT,NORMAL,
PHY-00754,2026-06-02T12:16:26Z,BADGE-0095,Security,GATE-04,YARD-B,GRANTED,IN,NORMAL,
PHY-00755,2026-06-06T22:38:41Z,BADGE-0039,Engineer,GATE-02,GATE-B,GRANTED,IN,SUSPICIOUS,
PHY-00756,2026-06-14T19:31:47Z,BADGE-0141,Security,GATE-04,GATE-B,GRANTED,OUT,NORMAL,
PHY-00757,2026-06-02T05:22:59Z,BADGE-0059,Vendor,GATE-03,YARD-A,GRANTED,IN,NORMAL,
PHY-00758,2026-06-05T16:56:31Z,BADGE-0077,Operator,GATE-03,YARD-B,DENIED,OUT,SUSPICIOUS,
PHY-00759,2026-06-18T13:13:45Z,BADGE-0008,Vendor,GATE-03,GATE-A,GRANTED,OUT,NORMAL,
PHY-00760,2026-06-07T20:53:57Z,BADGE-0060,Engineer,GATE-04,GATE-A,GRANTED,IN,NORMAL,
PHY-00761,2026-06-13T15:19:30Z,BADGE-0010,Vendor,GATE-02,GATE-B,GRANTED,IN,NORMAL,
PHY-00762,2026-06-11T22:03:00Z,BADGE-0078,Vendor,GATE-01,GATE-B,GRANTED,OUT,NORMAL,
PHY-00763,2026-06-22T16:13:56Z,BADGE-0041,Vendor,GATE-02,YARD-A,GRANTED,OUT,NORMAL,
PHY-00764,2026-06-10T05:58:54Z,BADGE-0069,Engineer,GATE-01,YARD-B,GRANTED,IN,NORMAL,
PHY-00765,2026-06-21T06:34:07Z,BADGE-0115,Engineer,GATE-02,YARD-A,GRANTED,OUT,NORMAL,
PHY-00766,2026-06-08T12:12:30Z,BADGE-0076,Engineer,GATE-01,GATE-B,GRANTED,OUT,NORMAL,
PHY-00767,2026-06-01T09:07:25Z,BADGE-0076,Operator,GATE-03,CONTROL-ROOM,GRANTED,OUT,NORMAL,
PHY-00768,2026-06-20T10:50:14Z,BADGE-0132,Engineer,GATE-04,GATE-A,GRANTED,IN,NORMAL,
PHY-00769,2026-06-28T06:01:17Z,BADGE-0067,Engineer,GATE-04,YARD-A,GRANTED,IN,NORMAL,
PHY-00770,2026-06-01T01:27:45Z,BADGE-0089,Vendor,GATE-04,CRANE-ZONE,GRANTED,OUT,NORMAL,
PHY-00771,2026-06-08T17:29:41Z,BADGE-0098,Engineer,GATE-03,CRANE-ZONE,GRANTED,IN,NORMAL,
PHY-00772,2026-06-04T11:45:53Z,BADGE-0118,Operator,GATE-01,YARD-B,GRANTED,OUT,SUSPICIOUS,
PHY-00773,2026-06-11T06:10:55Z,BADGE-0055,Vendor,GATE-02,OT-ZONE,GRANTED,IN,NORMAL,
PHY-00774,2026-06-07T22:37:37Z,BADGE-0099,Vendor,GATE-01,YARD-A,GRANTED,IN,NORMAL,
PHY-00775,2026-06-13T15:31:34Z,BADGE-0007,Operator,GATE-01,GATE-A,GRANTED,IN,NORMAL,
PHY-00776,2026-06-09T14:07:06Z,BADGE-0069,Engineer,GATE-01,YARD-A,GRANTED,OUT,NORMAL,
PHY-00777,2026-06-30T02:24:36Z,BADGE-0031,Security,GATE-04,CRANE-ZONE,GRANTED,OUT,NORMAL,
PHY-00778,2026-06-14T06:06:10Z,BADGE-0047,Operator,GATE-03,GATE-B,GRANTED,OUT,NORMAL,
PHY-00779,2026-06-25T12:54:45Z,BADGE-0126,Vendor,GATE-04,YARD-B,GRANTED,OUT,NORMAL,
PHY-00780,2026-06-01T03:13:23Z,BADGE-0108,Engineer,GATE-03,GATE-B,GRANTED,OUT,NORMAL,
PHY-00781,2026-06-10T19:33:15Z,BADGE-0120,Engineer,GATE-02,GATE-B,GRANTED,IN,NORMAL,
PHY-00782,2026-06-23T19:18:17Z,BADGE-0010,Engineer,GATE-04,YARD-B,GRANTED,OUT,NORMAL,
PHY-00783,2026-06-01T18:48:40Z,BADGE-0038,Operator,GATE-03,YARD-A,GRANTED,IN,NORMAL,
PHY-00784,2026-06-07T00:12:49Z,BADGE-0046,Vendor,GATE-03,CRANE-ZONE,GRANTED,OUT,NORMAL,
PHY-00785,2026-06-01T20:26:56Z,BADGE-0092,Operator,GATE-01,YARD-A,GRANTED,IN,NORMAL,
PHY-00786,2026-06-16T04:39:20Z,BADGE-0113,Security,GATE-03,CRANE-ZONE,GRANTED,OUT,NORMAL,
PHY-00787,2026-06-01T06:19:17Z,BADGE-0011,Operator,GATE-04,CONTROL-ROOM,GRANTED,IN,NORMAL,
PHY-00788,2026-06-20T21:03:46Z,BADGE-0109,Vendor,GATE-01,YARD-A,GRANTED,IN,NORMAL,
PHY-00789,2026-06-18T17:25:14Z,BADGE-0132,Vendor,GATE-04,YARD-B,GRANTED,IN,NORMAL,
PHY-00790,2026-06-29T06:10:31Z,BADGE-0053,Vendor,GATE-04,YARD-A,GRANTED,IN,NORMAL,
PHY-00791,2026-06-17T18:42:06Z,BADGE-0019,Engineer,GATE-04,GATE-A,GRANTED,IN,NORMAL,
PHY-00792,2026-06-25T14:47:17Z,BADGE-0145,Security,GATE-01,GATE-A,GRANTED,IN,NORMAL,
PHY-00793,2026-06-22T07:05:44Z,BADGE-0075,Security,GATE-03,YARD-A,GRANTED,OUT,NORMAL,
PHY-00794,2026-06-12T00:47:42Z,BADGE-0082,Operator,GATE-02,YARD-C,GRANTED,IN,NORMAL,
PHY-00795,2026-06-14T07:29:16Z,BADGE-0002,Engineer,GATE-04,GATE-B,GRANTED,OUT,NORMAL,
PHY-00796,2026-06-02T00:04:58Z,BADGE-0095,Security,GATE-01,YARD-C,GRANTED,OUT,NORMAL,
PHY-00797,2026-06-02T16:54:40Z,BADGE-0039,Operator,GATE-03,CRANE-ZONE,GRANTED,IN,NORMAL,
PHY-00798,2026-06-02T19:48:08Z,BADGE-0149,Vendor,GATE-01,YARD-B,GRANTED,IN,NORMAL,
PHY-00799,2026-06-12T17:57:01Z,BADGE-0033,Vendor,GATE-04,YARD-B,GRANTED,OUT,NORMAL,
PHY-00800,2026-06-10T15:13:14Z,BADGE-0057,Operator,GATE-04,GATE-A,GRANTED,IN,SUSPICIOUS,
PHY-00801,2026-06-03T09:19:57Z,BADGE-0077,Vendor,GATE-04,CRANE-ZONE,GRANTED,OUT,NORMAL,
PHY-00802,2026-06-14T09:45:28Z,BADGE-0095,Engineer,GATE-02,YARD-C,GRANTED,OUT,NORMAL,
PHY-00803,2026-06-17T18:40:11Z,BADGE-0001,Operator,GATE-02,OT-ZONE,GRANTED,OUT,NORMAL,
PHY-00804,2026-06-01T14:40:00Z,BADGE-0093,Engineer,GATE-02,YARD-B,GRANTED,IN,NORMAL,
PHY-00805,2026-06-13T15:02:06Z,BADGE-0077,Operator,GATE-01,YARD-C,GRANTED,OUT,NORMAL,
PHY-00806,2026-06-28T02:19:55Z,BADGE-0023,Security,GATE-01,OT-ZONE,GRANTED,OUT,NORMAL,
PHY-00807,2026-06-20T16:39:04Z,BADGE-0053,Operator,GATE-01,CONTROL-ROOM,GRANTED,OUT,NORMAL,
PHY-00808,2026-06-22T17:29:18Z,BADGE-0132,Vendor,GATE-04,YARD-C,GRANTED,IN,NORMAL,
PHY-00809,2026-06-19T21:52:14Z,BADGE-0041,Engineer,GATE-04,YARD-A,GRANTED,OUT,NORMAL,
PHY-00810,2026-06-22T10:17:31Z,BADGE-0026,Vendor,GATE-04,YARD-B,GRANTED,IN,NORMAL,
PHY-00811,2026-06-29T14:24:40Z,BADGE-0076,Vendor,GATE-04,OT-ZONE,GRANTED,OUT,SUSPICIOUS,
PHY-00812,2026-06-23T02:40:33Z,BADGE-0048,Vendor,GATE-02,CRANE-ZONE,GRANTED,IN,NORMAL,
PHY-00813,2026-06-08T00:55:09Z,BADGE-0069,Vendor,GATE-02,GATE-A,GRANTED,IN,NORMAL,
PHY-00814,2026-06-27T22:47:41Z,BADGE-0122,Operator,GATE-03,CONTROL-ROOM,GRANTED,OUT,NORMAL,
PHY-00815,2026-06-27T14:11:36Z,BADGE-0110,Operator,GATE-01,CONTROL-ROOM,DENIED,OUT,SUSPICIOUS,
PHY-00816,2026-06-27T20:18:00Z,BADGE-0139,Vendor,GATE-01,GATE-A,GRANTED,OUT,NORMAL,
PHY-00817,2026-06-18T05:35:33Z,BADGE-0101,Security,GATE-03,GATE-B,GRANTED,OUT,NORMAL,
PHY-00818,2026-06-29T18:45:52Z,BADGE-0017,Vendor,GATE-02,OT-ZONE,GRANTED,IN,NORMAL,
PHY-00819,2026-06-30T08:39:53Z,BADGE-0083,Vendor,GATE-01,GATE-A,GRANTED,IN,NORMAL,
PHY-00820,2026-06-24T00:31:26Z,BADGE-0103,Security,GATE-02,CONTROL-ROOM,GRANTED,IN,NORMAL,
PHY-00821,2026-06-22T01:10:16Z,BADGE-0107,Engineer,GATE-04,GATE-A,GRANTED,OUT,NORMAL,
PHY-00822,2026-06-05T07:49:34Z,BADGE-0042,Vendor,GATE-03,OT-ZONE,GRANTED,IN,NORMAL,
PHY-00823,2026-06-08T01:48:18Z,BADGE-0120,Operator,GATE-04,YARD-C,GRANTED,OUT,NORMAL,
PHY-00824,2026-06-04T08:15:35Z,BADGE-0037,Vendor,GATE-04,GATE-B,GRANTED,IN,NORMAL,
PHY-00825,2026-06-21T01:33:29Z,BADGE-0018,Security,GATE-03,CRANE-ZONE,DENIED,IN,SUSPICIOUS,
PHY-00826,2026-06-27T19:48:10Z,BADGE-0046,Security,GATE-02,GATE-A,GRANTED,OUT,NORMAL,
PHY-00827,2026-06-06T08:59:41Z,BADGE-0126,Security,GATE-01,CRANE-ZONE,GRANTED,IN,NORMAL,
PHY-00828,2026-06-14T18:18:19Z,BADGE-0140,Operator,GATE-04,YARD-A,GRANTED,IN,NORMAL,
PHY-00829,2026-06-01T21:58:28Z,BADGE-0116,Security,GATE-02,CRANE-ZONE,GRANTED,IN,NORMAL,
PHY-00830,2026-06-17T17:31:37Z,BADGE-0142,Engineer,GATE-02,YARD-C,GRANTED,IN,NORMAL,
PHY-00831,2026-06-04T15:43:27Z,BADGE-0147,Security,GATE-01,YARD-A,GRANTED,IN,NORMAL,
PHY-00832,2026-06-27T22:18:35Z,BADGE-0047,Engineer,GATE-01,YARD-A,GRANTED,OUT,NORMAL,
PHY-00833,2026-06-21T23:03:19Z,BADGE-0047,Operator,GATE-02,YARD-C,GRANTED,OUT,NORMAL,
PHY-00834,2026-06-10T06:44:12Z,BADGE-0082,Vendor,GATE-03,YARD-A,GRANTED,OUT,NORMAL,
PHY-00835,2026-06-22T18:22:24Z,BADGE-0017,Engineer,GATE-03,OT-ZONE,GRANTED,OUT,NORMAL,
PHY-00836,2026-06-07T12:55:23Z,BADGE-0064,Operator,GATE-02,YARD-A,GRANTED,IN,NORMAL,
PHY-00837,2026-06-22T15:36:15Z,BADGE-0138,Security,GATE-02,CRANE-ZONE,GRANTED,OUT,NORMAL,
PHY-00838,2026-06-03T02:35:51Z,BADGE-0111,Operator,GATE-01,GATE-A,GRANTED,OUT,NORMAL,
PHY-00839,2026-06-09T17:00:40Z,BADGE-0028,Security,GATE-01,CONTROL-ROOM,GRANTED,IN,NORMAL,
PHY-00840,2026-06-13T18:41:29Z,BADGE-0127,Security,GATE-04,GATE-A,GRANTED,OUT,NORMAL,
PHY-00841,2026-06-02T21:44:47Z,BADGE-0141,Operator,GATE-02,GATE-A,GRANTED,IN,NORMAL,
PHY-00842,2026-06-18T11:59:56Z,BADGE-0147,Engineer,GATE-01,GATE-B,GRANTED,IN,NORMAL,
PHY-00843,2026-06-14T23:48:22Z,BADGE-0060,Operator,GATE-01,YARD-A,GRANTED,IN,NORMAL,
PHY-00844,2026-06-01T20:25:48Z,BADGE-0028,Vendor,GATE-03,CONTROL-ROOM,GRANTED,IN,NORMAL,
PHY-00845,2026-06-03T02:28:07Z,BADGE-0119,Vendor,GATE-03,CRANE-ZONE,GRANTED,IN,NORMAL,
PHY-00846,2026-06-11T01:10:44Z,BADGE-0093,Operator,GATE-04,OT-ZONE,GRANTED,OUT,NORMAL,
PHY-00847,2026-06-25T14:23:29Z,BADGE-0126,Vendor,GATE-02,OT-ZONE,GRANTED,OUT,NORMAL,
PHY-00848,2026-06-15T18:01:46Z,BADGE-0120,Operator,GATE-03,CRANE-ZONE,GRANTED,IN,NORMAL,
PHY-00849,2026-06-12T18:55:09Z,BADGE-0034,Engineer,GATE-03,YARD-C,GRANTED,OUT,NORMAL,
PHY-00850,2026-06-25T17:37:42Z,BADGE-0067,Vendor,GATE-01,YARD-B,GRANTED,OUT,NORMAL,
PHY-00851,2026-06-19T01:45:55Z,BADGE-0104,Operator,GATE-04,OT-ZONE,GRANTED,OUT,NORMAL,
PHY-00852,2026-06-23T06:44:39Z,BADGE-0079,Engineer,GATE-02,YARD-C,GRANTED,IN,NORMAL,
PHY-00853,2026-06-02T23:56:06Z,BADGE-0078,Operator,GATE-03,YARD-A,GRANTED,OUT,NORMAL,
PHY-00854,2026-06-26T11:22:55Z,BADGE-0021,Vendor,GATE-01,YARD-C,GRANTED,IN,NORMAL,
PHY-00855,2026-06-08T15:04:43Z,BADGE-0119,Security,GATE-01,OT-ZONE,GRANTED,IN,NORMAL,
PHY-00856,2026-06-06T18:00:50Z,BADGE-0061,Security,GATE-01,OT-ZONE,GRANTED,OUT,NORMAL,
PHY-00857,2026-06-11T01:24:29Z,BADGE-0079,Operator,GATE-03,YARD-A,GRANTED,IN,NORMAL,
PHY-00858,2026-06-27T20:25:09Z,BADGE-0147,Engineer,GATE-01,GATE-A,GRANTED,OUT,NORMAL,
PHY-00859,2026-06-21T13:05:17Z,BADGE-0106,Engineer,GATE-02,OT-ZONE,GRANTED,OUT,NORMAL,
PHY-00860,2026-06-02T21:03:31Z,BADGE-0053,Security,GATE-03,CRANE-ZONE,GRANTED,OUT,NORMAL,
PHY-00861,2026-06-08T12:24:23Z,BADGE-0021,Engineer,GATE-01,YARD-C,GRANTED,IN,NORMAL,
PHY-00862,2026-06-21T07:44:13Z,BADGE-0113,Security,GATE-03,YARD-B,GRANTED,OUT,NORMAL,
PHY-00863,2026-06-20T20:01:02Z,BADGE-0150,Engineer,GATE-04,YARD-A,GRANTED,IN,NORMAL,
PHY-00864,2026-06-15T16:06:59Z,BADGE-0006,Security,GATE-02,CONTROL-ROOM,GRANTED,OUT,NORMAL,
PHY-00865,2026-06-06T07:38:19Z,BADGE-0070,Security,GATE-03,YARD-C,GRANTED,OUT,NORMAL,
PHY-00866,2026-06-23T09:08:57Z,BADGE-0063,Security,GATE-03,CONTROL-ROOM,GRANTED,IN,NORMAL,
PHY-00867,2026-06-09T22:02:29Z,BADGE-0036,Engineer,GATE-02,YARD-C,GRANTED,OUT,SUSPICIOUS,
PHY-00868,2026-06-17T06:12:34Z,BADGE-0120,Engineer,GATE-02,GATE-B,GRANTED,IN,NORMAL,
PHY-00869,2026-06-06T10:53:38Z,BADGE-0113,Operator,GATE-03,YARD-C,GRANTED,OUT,NORMAL,
PHY-00870,2026-06-05T16:22:01Z,BADGE-0071,Security,GATE-02,OT-ZONE,GRANTED,OUT,NORMAL,
PHY-00871,2026-06-30T14:19:24Z,BADGE-0079,Engineer,GATE-02,OT-ZONE,GRANTED,IN,NORMAL,
PHY-00872,2026-06-13T02:18:37Z,BADGE-0056,Vendor,GATE-01,YARD-C,GRANTED,IN,NORMAL,
PHY-00873,2026-06-02T01:24:26Z,BADGE-0139,Operator,GATE-01,OT-ZONE,GRANTED,OUT,NORMAL,
PHY-00874,2026-06-26T14:13:51Z,BADGE-0139,Operator,GATE-02,CONTROL-ROOM,GRANTED,IN,NORMAL,
PHY-00875,2026-06-18T19:30:15Z,BADGE-0048,Engineer,GATE-03,CRANE-ZONE,GRANTED,OUT,NORMAL,
PHY-00876,2026-06-01T02:29:11Z,BADGE-0002,Engineer,GATE-01,CRANE-ZONE,GRANTED,OUT,NORMAL,
PHY-00877,2026-06-16T14:06:42Z,BADGE-0078,Vendor,GATE-02,GATE-B,GRANTED,IN,SUSPICIOUS,
PHY-00878,2026-06-02T07:03:16Z,BADGE-0007,Operator,GATE-04,GATE-B,GRANTED,IN,NORMAL,
PHY-00879,2026-06-29T19:37:43Z,BADGE-0132,Operator,GATE-03,YARD-C,GRANTED,OUT,NORMAL,
PHY-00880,2026-06-30T18:05:22Z,BADGE-0120,Security,GATE-03,CRANE-ZONE,GRANTED,OUT,NORMAL,
PHY-00881,2026-06-21T13:12:20Z,BADGE-0081,Engineer,GATE-01,OT-ZONE,GRANTED,OUT,NORMAL,
PHY-00882,2026-06-23T13:04:45Z,BADGE-0018,Engineer,GATE-03,YARD-B,GRANTED,IN,SUSPICIOUS,
PHY-00883,2026-06-29T13:53:33Z,BADGE-0149,Operator,GATE-02,GATE-B,GRANTED,IN,NORMAL,
PHY-00884,2026-06-13T04:24:20Z,BADGE-0107,Vendor,GATE-02,GATE-B,GRANTED,IN,NORMAL,
PHY-00885,2026-06-04T02:27:25Z,BADGE-0146,Security,GATE-04,OT-ZONE,GRANTED,IN,NORMAL,
PHY-00886,2026-06-15T12:00:54Z,BADGE-0141,Operator,GATE-01,CONTROL-ROOM,GRANTED,IN,NORMAL,
PHY-00887,2026-06-26T15:06:34Z,BADGE-0063,Vendor,GATE-01,YARD-B,GRANTED,IN,NORMAL,
PHY-00888,2026-06-01T05:55:24Z,BADGE-0016,Vendor,GATE-03,YARD-A,GRANTED,IN,NORMAL,
PHY-00889,2026-06-24T04:26:49Z,BADGE-0144,Operator,GATE-01,CRANE-ZONE,GRANTED,IN,NORMAL,
PHY-00890,2026-06-17T05:39:00Z,BADGE-0063,Security,GATE-02,GATE-A,GRANTED,OUT,NORMAL,
PHY-00891,2026-06-13T16:17:58Z,BADGE-0139,Security,GATE-04,CONTROL-ROOM,GRANTED,IN,NORMAL,
PHY-00892,2026-06-29T03:58:36Z,BADGE-0082,Operator,GATE-04,CRANE-ZONE,GRANTED,OUT,NORMAL,
PHY-00893,2026-06-23T01:54:54Z,BADGE-0135,Vendor,GATE-04,OT-ZONE,GRANTED,OUT,NORMAL,
PHY-00894,2026-06-05T18:26:31Z,BADGE-0094,Operator,GATE-02,CONTROL-ROOM,GRANTED,IN,NORMAL,
PHY-00895,2026-06-03T19:13:45Z,BADGE-0091,Vendor,GATE-03,CONTROL-ROOM,GRANTED,OUT,NORMAL,
PHY-00896,2026-06-02T03:35:23Z,BADGE-0096,Security,GATE-04,CRANE-ZONE,GRANTED,OUT,NORMAL,
PHY-00897,2026-06-15T06:35:06Z,BADGE-0133,Security,GATE-04,YARD-B,GRANTED,OUT,NORMAL,
PHY-00898,2026-06-04T21:33:14Z,BADGE-0034,Security,GATE-03,OT-ZONE,GRANTED,OUT,NORMAL,
PHY-00899,2026-06-27T14:17:16Z,BADGE-0074,Operator,GATE-03,GATE-B,GRANTED,IN,NORMAL,
PHY-00900,2026-06-26T21:52:19Z,BADGE-0098,Security,GATE-03,YARD-A,GRANTED,OUT,NORMAL,
PHY-00901,2026-06-16T14:39:32Z,BADGE-0094,Vendor,GATE-03,YARD-B,GRANTED,IN,NORMAL,
PHY-00902,2026-06-23T16:08:42Z,BADGE-0101,Engineer,GATE-02,GATE-A,GRANTED,IN,NORMAL,
PHY-00903,2026-06-14T15:23:53Z,BADGE-0043,Engineer,GATE-03,YARD-B,GRANTED,IN,NORMAL,
PHY-00904,2026-06-05T19:33:09Z,BADGE-0146,Engineer,GATE-02,OT-ZONE,GRANTED,OUT,NORMAL,
PHY-00905,2026-06-20T15:58:48Z,BADGE-0021,Security,GATE-01,CONTROL-ROOM,GRANTED,OUT,NORMAL,
PHY-00906,2026-06-20T12:13:16Z,BADGE-0079,Operator,GATE-02,OT-ZONE,GRANTED,OUT,NORMAL,
PHY-00907,2026-06-23T13:40:15Z,BADGE-0139,Engineer,GATE-04,CRANE-ZONE,GRANTED,IN,NORMAL,
PHY-00908,2026-06-03T11:06:28Z,BADGE-0011,Vendor,GATE-01,GATE-A,GRANTED,IN,NORMAL,
PHY-00909,2026-06-15T04:40:57Z,BADGE-0009,Operator,GATE-03,GATE-B,GRANTED,IN,NORMAL,
PHY-00910,2026-06-03T17:36:06Z,BADGE-0032,Engineer,GATE-04,GATE-A,GRANTED,IN,NORMAL,
PHY-00911,2026-06-19T12:10:26Z,BADGE-0061,Security,GATE-01,YARD-C,GRANTED,OUT,NORMAL,
PHY-00912,2026-06-26T07:07:12Z,BADGE-0042,Operator,GATE-04,OT-ZONE,GRANTED,OUT,NORMAL,
PHY-00913,2026-06-06T05:28:14Z,BADGE-0002,Vendor,GATE-04,YARD-B,GRANTED,IN,NORMAL,
PHY-00914,2026-06-29T00:23:32Z,BADGE-0001,Vendor,GATE-01,CONTROL-ROOM,GRANTED,OUT,NORMAL,
PHY-00915,2026-06-11T21:56:20Z,BADGE-0057,Engineer,GATE-04,CRANE-ZONE,GRANTED,OUT,NORMAL,
PHY-00916,2026-06-13T11:09:49Z,BADGE-0100,Operator,GATE-04,CRANE-ZONE,GRANTED,IN,NORMAL,
PHY-00917,2026-06-05T11:52:29Z,BADGE-0112,Operator,GATE-01,YARD-C,GRANTED,OUT,NORMAL,
PHY-00918,2026-06-30T11:03:59Z,BADGE-0128,Operator,GATE-01,OT-ZONE,GRANTED,IN,NORMAL,
PHY-00919,2026-06-27T01:18:51Z,BADGE-0090,Engineer,GATE-03,CRANE-ZONE,GRANTED,IN,NORMAL,
PHY-00920,2026-06-13T02:33:51Z,BADGE-0107,Engineer,GATE-02,CONTROL-ROOM,GRANTED,OUT,NORMAL,
PHY-00921,2026-06-05T07:09:40Z,BADGE-0126,Vendor,GATE-04,YARD-C,GRANTED,OUT,NORMAL,
PHY-00922,2026-06-28T23:10:35Z,BADGE-0043,Security,GATE-04,YARD-A,GRANTED,OUT,NORMAL,
PHY-00923,2026-06-01T20:17:15Z,BADGE-0064,Security,GATE-01,YARD-C,GRANTED,IN,NORMAL,
PHY-00924,2026-06-27T08:39:18Z,BADGE-0115,Security,GATE-02,GATE-A,GRANTED,IN,NORMAL,
PHY-00925,2026-06-08T11:09:07Z,BADGE-0068,Security,GATE-02,YARD-B,GRANTED,OUT,NORMAL,
PHY-00926,2026-06-20T03:14:45Z,BADGE-0119,Operator,GATE-04,GATE-B,GRANTED,IN,NORMAL,
PHY-00927,2026-06-21T03:01:21Z,BADGE-0018,Engineer,GATE-02,GATE-B,GRANTED,IN,SUSPICIOUS,
PHY-00928,2026-06-22T03:42:35Z,BADGE-0146,Engineer,GATE-02,GATE-A,GRANTED,IN,NORMAL,
PHY-00929,2026-06-22T13:24:04Z,BADGE-0126,Vendor,GATE-04,YARD-A,GRANTED,IN,NORMAL,
PHY-00930,2026-06-16T14:34:42Z,BADGE-0144,Engineer,GATE-01,YARD-B,GRANTED,OUT,NORMAL,
PHY-00931,2026-06-16T03:41:30Z,BADGE-0103,Operator,GATE-03,YARD-B,GRANTED,IN,NORMAL,
PHY-00932,2026-06-02T02:16:10Z,BADGE-0127,Engineer,GATE-04,GATE-A,GRANTED,OUT,NORMAL,
PHY-00933,2026-06-20T02:43:36Z,BADGE-0071,Security,GATE-03,GATE-A,GRANTED,IN,NORMAL,
PHY-00934,2026-06-07T02:27:40Z,BADGE-0110,Engineer,GATE-03,GATE-B,GRANTED,OUT,NORMAL,
PHY-00935,2026-06-14T06:57:58Z,BADGE-0103,Security,GATE-02,CONTROL-ROOM,GRANTED,IN,NORMAL,
PHY-00936,2026-06-11T01:05:27Z,BADGE-0010,Operator,GATE-04,CRANE-ZONE,GRANTED,OUT,NORMAL,
PHY-00937,2026-06-11T06:37:12Z,BADGE-0137,Engineer,GATE-04,YARD-B,GRANTED,OUT,NORMAL,
PHY-00938,2026-06-07T21:24:39Z,BADGE-0136,Security,GATE-02,YARD-A,GRANTED,OUT,NORMAL,
PHY-00939,2026-06-04T18:48:29Z,BADGE-0147,Security,GATE-01,CONTROL-ROOM,GRANTED,IN,NORMAL,
PHY-00940,2026-06-01T04:55:09Z,BADGE-0025,Vendor,GATE-01,CRANE-ZONE,GRANTED,IN,NORMAL,
PHY-00941,2026-06-25T16:44:16Z,BADGE-0088,Engineer,GATE-02,OT-ZONE,GRANTED,OUT,NORMAL,
PHY-00942,2026-06-11T15:51:50Z,BADGE-0068,Vendor,GATE-03,CONTROL-ROOM,GRANTED,IN,NORMAL,
PHY-00943,2026-06-25T20:23:54Z,BADGE-0003,Operator,GATE-03,CRANE-ZONE,GRANTED,IN,NORMAL,
PHY-00944,2026-06-07T16:55:02Z,BADGE-0083,Security,GATE-03,GATE-A,GRANTED,OUT,SUSPICIOUS,
PHY-00945,2026-06-03T19:21:40Z,BADGE-0032,Operator,GATE-02,YARD-B,GRANTED,OUT,NORMAL,
PHY-00946,2026-06-02T21:25:54Z,BADGE-0106,Engineer,GATE-01,CRANE-ZONE,GRANTED,OUT,NORMAL,
PHY-00947,2026-06-30T17:03:15Z,BADGE-0028,Vendor,GATE-01,CONTROL-ROOM,GRANTED,OUT,NORMAL,
PHY-00948,2026-06-11T18:14:26Z,BADGE-0098,Engineer,GATE-03,CONTROL-ROOM,GRANTED,OUT,NORMAL,
PHY-00949,2026-06-29T14:30:13Z,BADGE-0066,Operator,GATE-04,YARD-A,GRANTED,IN,NORMAL,
PHY-00950,2026-06-10T09:17:45Z,BADGE-0085,Vendor,GATE-03,GATE-A,GRANTED,OUT,NORMAL,
PHY-00951,2026-06-25T11:52:42Z,BADGE-0130,Security,GATE-01,CRANE-ZONE,GRANTED,IN,NORMAL,
PHY-00952,2026-06-24T21:46:45Z,BADGE-0033,Security,GATE-01,YARD-C,GRANTED,OUT,NORMAL,
PHY-00953,2026-06-30T20:44:29Z,BADGE-0079,Engineer,GATE-04,OT-ZONE,GRANTED,IN,NORMAL,
PHY-00954,2026-06-26T20:34:44Z,BADGE-0121,Engineer,GATE-03,CRANE-ZONE,GRANTED,IN,NORMAL,
PHY-00955,2026-06-06T20:53:30Z,BADGE-0018,Operator,GATE-01,YARD-B,GRANTED,OUT,NORMAL,
PHY-00956,2026-06-25T06:57:54Z,BADGE-0110,Operator,GATE-02,YARD-A,GRANTED,IN,NORMAL,
PHY-00957,2026-06-14T08:16:16Z,BADGE-0057,Vendor,GATE-04,GATE-A,GRANTED,IN,NORMAL,
PHY-00958,2026-06-19T17:32:32Z,BADGE-0027,Security,GATE-03,GATE-B,GRANTED,OUT,NORMAL,
PHY-00959,2026-06-26T13:16:50Z,BADGE-0041,Vendor,GATE-01,CONTROL-ROOM,GRANTED,IN,NORMAL,
PHY-00960,2026-06-10T06:24:06Z,BADGE-0058,Operator,GATE-02,CONTROL-ROOM,GRANTED,IN,NORMAL,
PHY-00961,2026-06-11T21:50:22Z,BADGE-0118,Security,GATE-04,GATE-B,GRANTED,OUT,NORMAL,
PHY-00962,2026-06-01T20:05:21Z,BADGE-0095,Operator,GATE-03,YARD-B,DENIED,IN,SUSPICIOUS,
PHY-00963,2026-06-10T03:01:19Z,BADGE-0038,Security,GATE-04,CONTROL-ROOM,GRANTED,OUT,NORMAL,
PHY-00964,2026-06-26T17:32:33Z,BADGE-0078,Operator,GATE-04,GATE-A,GRANTED,OUT,NORMAL,
PHY-00965,2026-06-05T13:42:17Z,BADGE-0022,Engineer,GATE-02,GATE-B,GRANTED,OUT,NORMAL,
PHY-00966,2026-06-25T11:15:16Z,BADGE-0133,Engineer,GATE-04,OT-ZONE,GRANTED,OUT,NORMAL,
PHY-00967,2026-06-05T01:50:24Z,BADGE-0038,Security,GATE-04,GATE-B,GRANTED,IN,NORMAL,
PHY-00968,2026-06-29T22:22:39Z,BADGE-0091,Operator,GATE-02,CONTROL-ROOM,GRANTED,OUT,NORMAL,
PHY-00969,2026-06-09T03:58:40Z,BADGE-0053,Operator,GATE-03,OT-ZONE,GRANTED,OUT,NORMAL,
PHY-00970,2026-06-13T19:23:25Z,BADGE-0138,Engineer,GATE-01,CONTROL-ROOM,GRANTED,OUT,NORMAL,
PHY-00971,2026-06-19T04:03:17Z,BADGE-0115,Operator,GATE-02,CRANE-ZONE,GRANTED,IN,NORMAL,
PHY-00972,2026-06-21T13:44:25Z,BADGE-0070,Vendor,GATE-02,CONTROL-ROOM,GRANTED,IN,NORMAL,
PHY-00973,2026-06-04T19:17:36Z,BADGE-0016,Security,GATE-01,OT-ZONE,GRANTED,OUT,NORMAL,
PHY-00974,2026-06-08T13:27:46Z,BADGE-0145,Operator,GATE-04,GATE-A,GRANTED,OUT,NORMAL,
PHY-00975,2026-06-25T04:01:24Z,BADGE-0098,Vendor,GATE-04,GATE-A,GRANTED,OUT,NORMAL,
PHY-00976,2026-06-21T00:56:22Z,BADGE-0009,Security,GATE-02,CRANE-ZONE,GRANTED,IN,NORMAL,
PHY-00977,2026-06-24T18:52:48Z,BADGE-0105,Operator,GATE-04,GATE-B,GRANTED,IN,NORMAL,
PHY-00978,2026-06-13T11:32:58Z,BADGE-0001,Vendor,GATE-03,GATE-A,GRANTED,OUT,NORMAL,
PHY-00979,2026-06-12T20:07:49Z,BADGE-0136,Operator,GATE-01,YARD-C,GRANTED,OUT,NORMAL,
PHY-00980,2026-06-11T15:19:24Z,BADGE-0101,Security,GATE-02,YARD-C,GRANTED,IN,NORMAL,
PHY-00981,2026-06-05T09:14:27Z,BADGE-0065,Operator,GATE-02,GATE-A,GRANTED,IN,NORMAL,
PHY-00982,2026-06-30T22:15:27Z,BADGE-0004,Engineer,GATE-02,CONTROL-ROOM,DENIED,OUT,SUSPICIOUS,
PHY-00983,2026-06-11T04:36:32Z,BADGE-0008,Security,GATE-01,OT-ZONE,GRANTED,IN,NORMAL,
PHY-00984,2026-06-11T01:46:20Z,BADGE-0065,Security,GATE-04,YARD-A,GRANTED,OUT,NORMAL,
PHY-00985,2026-06-18T03:44:08Z,BADGE-0121,Engineer,GATE-04,CONTROL-ROOM,GRANTED,OUT,NORMAL,
PHY-00986,2026-06-27T14:05:21Z,BADGE-0148,Operator,GATE-01,GATE-B,GRANTED,IN,NORMAL,
PHY-00987,2026-06-15T11:06:05Z,BADGE-0047,Security,GATE-02,CRANE-ZONE,GRANTED,IN,NORMAL,
PHY-00988,2026-06-03T17:10:55Z,BADGE-0034,Engineer,GATE-03,CONTROL-ROOM,GRANTED,OUT,NORMAL,
PHY-00989,2026-06-23T05:45:59Z,BADGE-0043,Vendor,GATE-03,YARD-A,GRANTED,IN,NORMAL,
PHY-00990,2026-06-05T09:05:32Z,BADGE-0106,Vendor,GATE-03,YARD-A,GRANTED,IN,NORMAL,
PHY-00991,2026-06-08T14:26:25Z,BADGE-0055,Vendor,GATE-02,CRANE-ZONE,GRANTED,IN,SUSPICIOUS,
PHY-00992,2026-06-02T12:10:01Z,BADGE-0099,Vendor,GATE-03,YARD-A,GRANTED,IN,NORMAL,
PHY-00993,2026-06-10T12:11:49Z,BADGE-0120,Engineer,GATE-02,GATE-A,GRANTED,IN,NORMAL,
PHY-00994,2026-06-27T17:03:13Z,BADGE-0105,Engineer,GATE-03,OT-ZONE,GRANTED,IN,NORMAL,
PHY-00995,2026-06-03T17:44:11Z,BADGE-0044,Security,GATE-04,YARD-B,GRANTED,OUT,NORMAL,
PHY-00996,2026-06-08T03:01:57Z,BADGE-0089,Operator,GATE-02,CRANE-ZONE,GRANTED,IN,NORMAL,
PHY-00997,2026-06-08T11:40:09Z,BADGE-0104,Engineer,GATE-03,OT-ZONE,GRANTED,IN,NORMAL,
PHY-00998,2026-06-03T18:34:44Z,BADGE-0094,Security,GATE-02,GATE-A,GRANTED,OUT,NORMAL,
PHY-00999,2026-06-27T00:02:56Z,BADGE-0076,Vendor,GATE-02,GATE-B,GRANTED,OUT,SUSPICIOUS,
PHY-INC-001,2026-06-05T22:49:00Z,BADGE-0014,Vendor,GATE-03,OT-ZONE,GRANTED,IN,INCIDENT,INC-T21-001
PHY-INC-002,2026-06-12T01:24:00Z,BADGE-0014,Vendor,GATE-03,OT-ZONE,GRANTED,IN,INCIDENT,INC-T21-002
PHY-INC-003,2026-06-18T23:14:00Z,BADGE-0014,Vendor,GATE-03,OT-ZONE,GRANTED,IN,INCIDENT,INC-T21-003
PHY-INC-004,2026-06-24T19:39:00Z,BADGE-0014,Vendor,GATE-03,OT-ZONE,GRANTED,IN,INCIDENT,INC-T21-004
