note_id,timestamp,asset_id,vendor_id,free_text,category,priority,event_label,incident_id
NOTE-00000,2026-06-06T21:52:33Z,PLC07,V013,Yard controller communication was stable after scheduled maintenance.,OPERATIONS,MEDIUM,NORMAL,
NOTE-00001,2026-06-25T17:06:11Z,CRANE06,V008,Yard controller communication was stable after scheduled maintenance.,INSPECTION,MEDIUM,NORMAL,
NOTE-00002,2026-06-11T21:40:01Z,YARD-08,V018,Manifest destination changed during a period of anomalous vendor activity.,CARGO_ANOMALY,CRITICAL,SUSPICIOUS,
NOTE-00003,2026-06-21T11:05:16Z,YARD-05,V005,Crane maintenance completed within the approved maintenance window.,INSPECTION,LOW,NORMAL,
NOTE-00004,2026-06-20T23:23:35Z,YARD-05,V005,Operator reported normal crane response during load testing.,OPERATIONS,LOW,NORMAL,
NOTE-00005,2026-06-14T09:32:35Z,CRANE01,V017,Repeated controller commands were observed during a vendor session; operations requested review.,SUSPICIOUS_ACCESS,HIGH,SUSPICIOUS,
NOTE-00006,2026-06-01T04:18:30Z,CRANE02,V001,Yard controller communication was stable after scheduled maintenance.,OPERATIONS,MEDIUM,NORMAL,
NOTE-00007,2026-06-23T03:28:10Z,CRANE03,V008,Routine inspection completed; no abnormal controller behaviour observed.,OPERATIONS,MEDIUM,NORMAL,
NOTE-00008,2026-06-06T04:12:57Z,PLC01,V002,Manifest destination changed during a period of anomalous vendor activity.,SECURITY_REVIEW,HIGH,SUSPICIOUS,
NOTE-00009,2026-06-14T15:21:39Z,PLC08,V016,Vendor session closed normally after firmware verification.,INSPECTION,LOW,NORMAL,
NOTE-00010,2026-06-05T00:10:05Z,PLC04,V009,Routine inspection completed; no abnormal controller behaviour observed.,OPERATIONS,LOW,NORMAL,
NOTE-00011,2026-06-08T03:07:32Z,CRANE06,V002,Yard controller communication was stable after scheduled maintenance.,INSPECTION,LOW,NORMAL,
NOTE-00012,2026-06-30T01:42:48Z,PLC12,V003,Routine inspection completed; no abnormal controller behaviour observed.,OPERATIONS,MEDIUM,NORMAL,
NOTE-00013,2026-06-15T13:07:04Z,PLC05,V003,Yard controller communication was stable after scheduled maintenance.,INSPECTION,LOW,NORMAL,
NOTE-00014,2026-06-07T17:42:40Z,PLC04,V003,Operator reported normal crane response during load testing.,MAINTENANCE,LOW,NORMAL,
NOTE-00015,2026-06-19T10:07:49Z,YARD-08,V012,Yard controller communication was stable after scheduled maintenance.,MAINTENANCE,LOW,NORMAL,
NOTE-00016,2026-06-04T07:32:46Z,CRANE06,V001,Yard controller communication was stable after scheduled maintenance.,MAINTENANCE,MEDIUM,NORMAL,
NOTE-00017,2026-06-26T02:08:31Z,YARD-08,V017,Routine inspection completed; no abnormal controller behaviour observed.,MAINTENANCE,MEDIUM,NORMAL,
NOTE-00018,2026-06-09T12:15:47Z,PLC04,V015,Unexpected vendor remote session observed outside the approved maintenance window.,SECURITY_REVIEW,HIGH,SUSPICIOUS,
NOTE-00019,2026-06-26T06:24:33Z,YARD-03,V005,Routine inspection completed; no abnormal controller behaviour observed.,MAINTENANCE,LOW,NORMAL,
NOTE-00020,2026-06-06T04:33:27Z,PLC09,V014,Crane maintenance completed within the approved maintenance window.,OPERATIONS,LOW,NORMAL,
NOTE-00021,2026-06-25T10:09:15Z,YARD-08,V005,Yard controller communication was stable after scheduled maintenance.,INSPECTION,LOW,NORMAL,
NOTE-00022,2026-06-24T09:16:45Z,CRANE07,V005,Endpoint alert reported a new remote administration tool on a vendor-associated device.,SUSPICIOUS_ACCESS,CRITICAL,SUSPICIOUS,
NOTE-00023,2026-06-19T15:57:08Z,PLC10,V014,Yard controller communication was stable after scheduled maintenance.,OPERATIONS,LOW,NORMAL,
NOTE-00024,2026-06-06T18:39:12Z,PLC06,V013,Crane maintenance completed within the approved maintenance window.,INSPECTION,MEDIUM,NORMAL,
NOTE-00025,2026-06-01T19:23:16Z,PLC04,V009,Routine inspection completed; no abnormal controller behaviour observed.,MAINTENANCE,MEDIUM,NORMAL,
NOTE-00026,2026-06-03T16:35:19Z,PLC08,V003,Routine inspection completed; no abnormal controller behaviour observed.,MAINTENANCE,LOW,NORMAL,
NOTE-00027,2026-06-25T04:18:45Z,PLC09,V020,Endpoint alert reported a new remote administration tool on a vendor-associated device.,SECURITY_REVIEW,HIGH,SUSPICIOUS,
NOTE-00028,2026-06-13T04:06:20Z,PLC12,V015,Operator reported normal crane response during load testing.,INSPECTION,MEDIUM,NORMAL,
NOTE-00029,2026-06-01T18:24:27Z,PLC12,V008,Manifest destination changed during a period of anomalous vendor activity.,SUSPICIOUS_ACCESS,HIGH,SUSPICIOUS,
NOTE-00030,2026-06-12T11:11:59Z,YARD-04,V002,Crane maintenance completed within the approved maintenance window.,OPERATIONS,LOW,NORMAL,
NOTE-00031,2026-06-17T08:52:15Z,CRANE03,V013,Vendor session closed normally after firmware verification.,OPERATIONS,LOW,NORMAL,
NOTE-00032,2026-06-09T04:24:26Z,YARD-01,V004,Crane maintenance completed within the approved maintenance window.,OPERATIONS,LOW,NORMAL,
NOTE-00033,2026-06-03T18:47:11Z,PLC01,V019,Unexpected vendor remote session observed outside the approved maintenance window.,SUSPICIOUS_ACCESS,CRITICAL,SUSPICIOUS,
NOTE-00034,2026-06-23T20:21:22Z,YARD-04,V008,Crane maintenance completed within the approved maintenance window.,INSPECTION,MEDIUM,NORMAL,
NOTE-00035,2026-06-30T13:39:55Z,PLC09,V019,Repeated controller commands were observed during a vendor session; operations requested review.,SECURITY_REVIEW,CRITICAL,SUSPICIOUS,
NOTE-00036,2026-06-30T16:58:23Z,PLC05,V018,Vendor session closed normally after firmware verification.,INSPECTION,LOW,NORMAL,
NOTE-00037,2026-06-27T12:15:36Z,CRANE05,V018,Crane alarm occurred shortly after an unusual remote connection to the OT segment.,SUSPICIOUS_ACCESS,HIGH,SUSPICIOUS,
NOTE-00038,2026-06-30T20:34:30Z,CRANE02,V010,Yard controller communication was stable after scheduled maintenance.,MAINTENANCE,LOW,NORMAL,
NOTE-00039,2026-06-25T17:49:05Z,CRANE03,V013,Operator reported normal crane response during load testing.,OPERATIONS,MEDIUM,NORMAL,
NOTE-00040,2026-06-05T02:02:03Z,PLC10,V015,Yard controller communication was stable after scheduled maintenance.,MAINTENANCE,LOW,NORMAL,
NOTE-00041,2026-06-14T07:24:46Z,CRANE06,V013,Yard controller communication was stable after scheduled maintenance.,OPERATIONS,MEDIUM,NORMAL,
NOTE-00042,2026-06-24T14:27:01Z,YARD-04,V016,Routine inspection completed; no abnormal controller behaviour observed.,MAINTENANCE,MEDIUM,NORMAL,
NOTE-00043,2026-06-16T13:10:12Z,PLC09,V001,Unexpected vendor remote session observed outside the approved maintenance window.,SUSPICIOUS_ACCESS,HIGH,SUSPICIOUS,
NOTE-00044,2026-06-30T04:24:57Z,YARD-03,V019,Routine inspection completed; no abnormal controller behaviour observed.,OPERATIONS,MEDIUM,NORMAL,
NOTE-00045,2026-06-20T20:41:36Z,YARD-01,V010,Manifest destination changed during a period of anomalous vendor activity.,SECURITY_REVIEW,HIGH,SUSPICIOUS,
NOTE-00046,2026-06-25T06:42:20Z,CRANE06,V004,Crane maintenance completed within the approved maintenance window.,MAINTENANCE,LOW,NORMAL,
NOTE-00047,2026-06-02T12:54:22Z,YARD-05,V020,Endpoint alert reported a new remote administration tool on a vendor-associated device.,SUSPICIOUS_ACCESS,HIGH,SUSPICIOUS,
NOTE-00048,2026-06-23T08:21:55Z,PLC11,V007,Yard controller communication was stable after scheduled maintenance.,MAINTENANCE,MEDIUM,NORMAL,
NOTE-00049,2026-06-08T13:07:31Z,YARD-08,V012,Vendor session closed normally after firmware verification.,INSPECTION,LOW,NORMAL,
NOTE-00050,2026-06-22T01:28:33Z,CRANE08,V012,Unexpected vendor remote session observed outside the approved maintenance window.,OT_ANOMALY,CRITICAL,SUSPICIOUS,
NOTE-00051,2026-06-23T05:36:05Z,CRANE01,V017,Vendor session closed normally after firmware verification.,MAINTENANCE,LOW,NORMAL,
NOTE-00052,2026-06-25T04:29:27Z,PLC11,V005,Operator reported normal crane response during load testing.,INSPECTION,MEDIUM,NORMAL,
NOTE-00053,2026-06-17T06:32:21Z,PLC06,V007,Crane maintenance completed within the approved maintenance window.,MAINTENANCE,MEDIUM,NORMAL,
NOTE-00054,2026-06-16T19:31:45Z,PLC03,V010,Crane maintenance completed within the approved maintenance window.,OPERATIONS,LOW,NORMAL,
NOTE-00055,2026-06-07T12:27:41Z,PLC03,V014,Vendor session closed normally after firmware verification.,INSPECTION,LOW,NORMAL,
NOTE-00056,2026-06-09T12:14:02Z,YARD-04,V001,Routine inspection completed; no abnormal controller behaviour observed.,MAINTENANCE,LOW,NORMAL,
NOTE-00057,2026-06-26T22:19:24Z,PLC11,V019,Routine inspection completed; no abnormal controller behaviour observed.,MAINTENANCE,LOW,NORMAL,
NOTE-00058,2026-06-19T14:03:25Z,PLC08,V006,Yard controller communication was stable after scheduled maintenance.,INSPECTION,MEDIUM,NORMAL,
NOTE-00059,2026-06-14T15:35:10Z,PLC10,V020,Yard controller communication was stable after scheduled maintenance.,MAINTENANCE,LOW,NORMAL,
NOTE-00060,2026-06-19T22:49:21Z,YARD-06,V017,Unexpected vendor remote session observed outside the approved maintenance window.,SUSPICIOUS_ACCESS,HIGH,SUSPICIOUS,
NOTE-00061,2026-06-30T07:23:56Z,YARD-04,V020,Routine inspection completed; no abnormal controller behaviour observed.,MAINTENANCE,MEDIUM,NORMAL,
NOTE-00062,2026-06-21T11:46:22Z,YARD-04,V020,Routine inspection completed; no abnormal controller behaviour observed.,MAINTENANCE,LOW,NORMAL,
NOTE-00063,2026-06-10T00:31:20Z,CRANE05,V012,Vendor session closed normally after firmware verification.,INSPECTION,MEDIUM,NORMAL,
NOTE-00064,2026-06-29T23:31:05Z,PLC08,V007,Unexpected vendor remote session observed outside the approved maintenance window.,CARGO_ANOMALY,HIGH,SUSPICIOUS,
NOTE-00065,2026-06-20T12:29:26Z,CRANE03,V013,Yard controller communication was stable after scheduled maintenance.,MAINTENANCE,LOW,NORMAL,
NOTE-00066,2026-06-10T22:22:22Z,CRANE08,V004,Crane maintenance completed within the approved maintenance window.,INSPECTION,LOW,NORMAL,
NOTE-00067,2026-06-23T12:00:37Z,PLC02,V014,Routine inspection completed; no abnormal controller behaviour observed.,INSPECTION,LOW,NORMAL,
NOTE-00068,2026-06-01T10:47:17Z,CRANE05,V019,Repeated controller commands were observed during a vendor session; operations requested review.,SUSPICIOUS_ACCESS,HIGH,SUSPICIOUS,
NOTE-00069,2026-06-21T09:31:23Z,CRANE06,V001,Operator reported normal crane response during load testing.,OPERATIONS,MEDIUM,NORMAL,
NOTE-00070,2026-06-29T06:57:23Z,PLC06,V015,Vendor session closed normally after firmware verification.,OPERATIONS,MEDIUM,NORMAL,
NOTE-00071,2026-06-24T22:22:54Z,PLC10,V017,Yard controller communication was stable after scheduled maintenance.,INSPECTION,MEDIUM,NORMAL,
NOTE-00072,2026-06-29T09:48:26Z,CRANE07,V020,Yard controller communication was stable after scheduled maintenance.,OPERATIONS,LOW,NORMAL,
NOTE-00073,2026-06-09T05:05:17Z,YARD-08,V002,Endpoint alert reported a new remote administration tool on a vendor-associated device.,CARGO_ANOMALY,HIGH,SUSPICIOUS,
NOTE-00074,2026-06-01T13:29:02Z,PLC05,V018,Routine inspection completed; no abnormal controller behaviour observed.,MAINTENANCE,MEDIUM,NORMAL,
NOTE-00075,2026-06-10T08:18:04Z,PLC08,V020,Crane maintenance completed within the approved maintenance window.,MAINTENANCE,MEDIUM,NORMAL,
NOTE-00076,2026-06-01T04:12:53Z,YARD-02,V015,Crane alarm occurred shortly after an unusual remote connection to the OT segment.,CARGO_ANOMALY,CRITICAL,SUSPICIOUS,
NOTE-00077,2026-06-12T10:21:57Z,PLC09,V006,Yard controller communication was stable after scheduled maintenance.,OPERATIONS,MEDIUM,NORMAL,
NOTE-00078,2026-06-03T17:46:36Z,YARD-03,V014,Unexpected vendor remote session observed outside the approved maintenance window.,OT_ANOMALY,HIGH,SUSPICIOUS,
NOTE-00079,2026-06-09T12:44:11Z,YARD-01,V005,Operator reported normal crane response during load testing.,MAINTENANCE,MEDIUM,NORMAL,
NOTE-00080,2026-06-14T10:04:21Z,YARD-08,V020,Vendor session closed normally after firmware verification.,INSPECTION,LOW,NORMAL,
NOTE-00081,2026-06-26T14:37:58Z,CRANE04,V011,Operator reported normal crane response during load testing.,MAINTENANCE,LOW,NORMAL,
NOTE-00082,2026-06-16T05:57:05Z,CRANE02,V006,Crane maintenance completed within the approved maintenance window.,INSPECTION,MEDIUM,NORMAL,
NOTE-00083,2026-06-03T03:50:31Z,PLC05,V014,Endpoint alert reported a new remote administration tool on a vendor-associated device.,SECURITY_REVIEW,CRITICAL,SUSPICIOUS,
NOTE-00084,2026-06-06T15:07:43Z,PLC01,V005,Yard controller communication was stable after scheduled maintenance.,MAINTENANCE,MEDIUM,NORMAL,
NOTE-00085,2026-06-26T08:24:05Z,CRANE02,V019,Manifest destination changed during a period of anomalous vendor activity.,OT_ANOMALY,HIGH,SUSPICIOUS,
NOTE-00086,2026-06-08T21:47:01Z,YARD-05,V005,Crane maintenance completed within the approved maintenance window.,MAINTENANCE,LOW,NORMAL,
NOTE-00087,2026-06-20T13:53:46Z,YARD-06,V010,Endpoint alert reported a new remote administration tool on a vendor-associated device.,SECURITY_REVIEW,HIGH,SUSPICIOUS,
NOTE-00088,2026-06-06T19:19:32Z,PLC07,V013,Yard controller communication was stable after scheduled maintenance.,OPERATIONS,MEDIUM,NORMAL,
NOTE-00089,2026-06-13T10:55:23Z,PLC03,V012,Routine inspection completed; no abnormal controller behaviour observed.,INSPECTION,LOW,NORMAL,
NOTE-00090,2026-06-14T22:48:46Z,PLC04,V017,Crane maintenance completed within the approved maintenance window.,INSPECTION,MEDIUM,NORMAL,
NOTE-00091,2026-06-05T12:11:26Z,PLC12,V008,Manifest destination changed during a period of anomalous vendor activity.,CARGO_ANOMALY,HIGH,SUSPICIOUS,
NOTE-00092,2026-06-27T03:40:23Z,PLC04,V016,Crane alarm occurred shortly after an unusual remote connection to the OT segment.,SUSPICIOUS_ACCESS,CRITICAL,SUSPICIOUS,
NOTE-00093,2026-06-06T11:18:23Z,PLC12,V014,Unexpected vendor remote session observed outside the approved maintenance window.,OT_ANOMALY,CRITICAL,SUSPICIOUS,
NOTE-00094,2026-06-12T04:13:51Z,PLC01,V005,Operator reported normal crane response during load testing.,OPERATIONS,LOW,NORMAL,
NOTE-00095,2026-06-26T14:19:57Z,PLC10,V017,Crane maintenance completed within the approved maintenance window.,MAINTENANCE,MEDIUM,NORMAL,
NOTE-00096,2026-06-15T07:49:23Z,YARD-07,V014,Vendor session closed normally after firmware verification.,MAINTENANCE,LOW,NORMAL,
NOTE-00097,2026-06-15T10:20:35Z,PLC04,V014,Routine inspection completed; no abnormal controller behaviour observed.,OPERATIONS,LOW,NORMAL,
NOTE-00098,2026-06-24T16:38:00Z,CRANE06,V014,Unexpected vendor remote session observed outside the approved maintenance window.,SECURITY_REVIEW,HIGH,SUSPICIOUS,
NOTE-00099,2026-06-09T20:08:02Z,PLC12,V018,Crane alarm occurred shortly after an unusual remote connection to the OT segment.,OT_ANOMALY,CRITICAL,SUSPICIOUS,
NOTE-00100,2026-06-04T03:14:26Z,PLC05,V016,Crane maintenance completed within the approved maintenance window.,OPERATIONS,MEDIUM,NORMAL,
NOTE-00101,2026-06-27T12:32:02Z,PLC04,V013,Operator reported normal crane response during load testing.,OPERATIONS,MEDIUM,NORMAL,
NOTE-00102,2026-06-17T07:01:56Z,YARD-05,V017,Routine inspection completed; no abnormal controller behaviour observed.,INSPECTION,LOW,NORMAL,
NOTE-00103,2026-06-18T12:08:01Z,CRANE06,V015,Operator reported normal crane response during load testing.,MAINTENANCE,MEDIUM,NORMAL,
NOTE-00104,2026-06-25T14:39:22Z,CRANE04,V006,Unexpected vendor remote session observed outside the approved maintenance window.,SUSPICIOUS_ACCESS,HIGH,SUSPICIOUS,
NOTE-00105,2026-06-23T11:13:16Z,PLC06,V017,Routine inspection completed; no abnormal controller behaviour observed.,INSPECTION,LOW,NORMAL,
NOTE-00106,2026-06-07T05:29:38Z,YARD-05,V001,Vendor session closed normally after firmware verification.,INSPECTION,LOW,NORMAL,
NOTE-00107,2026-06-12T03:55:00Z,PLC01,V019,Unexpected vendor remote session observed outside the approved maintenance window.,SUSPICIOUS_ACCESS,CRITICAL,SUSPICIOUS,
NOTE-00108,2026-06-18T10:28:29Z,PLC09,V006,Yard controller communication was stable after scheduled maintenance.,OPERATIONS,MEDIUM,NORMAL,
NOTE-00109,2026-06-25T14:15:39Z,CRANE08,V008,Operator reported normal crane response during load testing.,INSPECTION,LOW,NORMAL,
NOTE-00110,2026-06-17T23:58:09Z,PLC06,V006,Crane maintenance completed within the approved maintenance window.,MAINTENANCE,MEDIUM,NORMAL,
NOTE-00111,2026-06-27T14:17:55Z,CRANE02,V008,Crane maintenance completed within the approved maintenance window.,OPERATIONS,MEDIUM,NORMAL,
NOTE-00112,2026-06-24T10:22:35Z,PLC07,V012,Routine inspection completed; no abnormal controller behaviour observed.,MAINTENANCE,LOW,NORMAL,
NOTE-00113,2026-06-18T23:33:56Z,YARD-06,V008,Vendor session closed normally after firmware verification.,OPERATIONS,MEDIUM,NORMAL,
NOTE-00114,2026-06-27T04:13:48Z,PLC01,V002,Routine inspection completed; no abnormal controller behaviour observed.,MAINTENANCE,MEDIUM,NORMAL,
NOTE-00115,2026-06-09T22:36:30Z,CRANE04,V010,Routine inspection completed; no abnormal controller behaviour observed.,MAINTENANCE,LOW,NORMAL,
NOTE-00116,2026-06-24T03:02:45Z,YARD-05,V006,Vendor session closed normally after firmware verification.,MAINTENANCE,LOW,NORMAL,
NOTE-00117,2026-06-14T05:16:01Z,CRANE06,V013,Crane maintenance completed within the approved maintenance window.,INSPECTION,MEDIUM,NORMAL,
NOTE-00118,2026-06-29T19:58:46Z,CRANE04,V002,Vendor session closed normally after firmware verification.,MAINTENANCE,LOW,NORMAL,
NOTE-00119,2026-06-03T00:28:13Z,YARD-08,V013,Routine inspection completed; no abnormal controller behaviour observed.,OPERATIONS,LOW,NORMAL,
NOTE-00120,2026-06-30T22:33:57Z,YARD-01,V019,Crane maintenance completed within the approved maintenance window.,INSPECTION,LOW,NORMAL,
NOTE-00121,2026-06-30T09:58:28Z,PLC07,V012,Routine inspection completed; no abnormal controller behaviour observed.,INSPECTION,LOW,NORMAL,
NOTE-00122,2026-06-08T01:24:51Z,PLC05,V019,Operator reported normal crane response during load testing.,OPERATIONS,MEDIUM,NORMAL,
NOTE-00123,2026-06-27T04:52:42Z,CRANE05,V006,Vendor session closed normally after firmware verification.,OPERATIONS,MEDIUM,NORMAL,
NOTE-00124,2026-06-23T07:38:03Z,PLC02,V004,Yard controller communication was stable after scheduled maintenance.,OPERATIONS,LOW,NORMAL,
NOTE-00125,2026-06-16T20:17:25Z,CRANE03,V017,Yard controller communication was stable after scheduled maintenance.,INSPECTION,MEDIUM,NORMAL,
NOTE-00126,2026-06-03T04:40:52Z,YARD-02,V007,Crane maintenance completed within the approved maintenance window.,MAINTENANCE,LOW,NORMAL,
NOTE-00127,2026-06-12T08:37:36Z,PLC01,V018,Manifest destination changed during a period of anomalous vendor activity.,SECURITY_REVIEW,CRITICAL,SUSPICIOUS,
NOTE-00128,2026-06-23T09:04:50Z,PLC02,V015,Operator reported normal crane response during load testing.,OPERATIONS,MEDIUM,NORMAL,
NOTE-00129,2026-06-10T01:44:22Z,YARD-01,V003,Vendor session closed normally after firmware verification.,INSPECTION,LOW,NORMAL,
NOTE-00130,2026-06-19T08:38:58Z,YARD-04,V015,Vendor session closed normally after firmware verification.,OPERATIONS,MEDIUM,NORMAL,
NOTE-00131,2026-06-30T01:50:46Z,PLC06,V012,Yard controller communication was stable after scheduled maintenance.,INSPECTION,LOW,NORMAL,
NOTE-00132,2026-06-30T05:08:19Z,CRANE06,V013,Yard controller communication was stable after scheduled maintenance.,MAINTENANCE,LOW,NORMAL,
NOTE-00133,2026-06-12T18:24:55Z,PLC03,V002,Vendor session closed normally after firmware verification.,INSPECTION,MEDIUM,NORMAL,
NOTE-00134,2026-06-29T02:15:22Z,YARD-08,V019,Endpoint alert reported a new remote administration tool on a vendor-associated device.,SECURITY_REVIEW,HIGH,SUSPICIOUS,
NOTE-00135,2026-06-09T06:11:51Z,CRANE07,V005,Unexpected vendor remote session observed outside the approved maintenance window.,SUSPICIOUS_ACCESS,HIGH,SUSPICIOUS,
NOTE-00136,2026-06-05T21:52:55Z,PLC07,V020,Routine inspection completed; no abnormal controller behaviour observed.,MAINTENANCE,MEDIUM,NORMAL,
NOTE-00137,2026-06-22T03:35:03Z,YARD-05,V006,Vendor session closed normally after firmware verification.,MAINTENANCE,MEDIUM,NORMAL,
NOTE-00138,2026-06-06T17:46:05Z,PLC07,V010,Routine inspection completed; no abnormal controller behaviour observed.,INSPECTION,LOW,NORMAL,
NOTE-00139,2026-06-13T08:21:23Z,PLC02,V020,Crane maintenance completed within the approved maintenance window.,MAINTENANCE,LOW,NORMAL,
NOTE-00140,2026-06-29T17:19:41Z,YARD-01,V020,Routine inspection completed; no abnormal controller behaviour observed.,MAINTENANCE,LOW,NORMAL,
NOTE-00141,2026-06-06T20:27:02Z,CRANE02,V002,Operator reported normal crane response during load testing.,INSPECTION,LOW,NORMAL,
NOTE-00142,2026-06-30T00:55:29Z,CRANE07,V008,Routine inspection completed; no abnormal controller behaviour observed.,INSPECTION,LOW,NORMAL,
NOTE-00143,2026-06-08T17:49:08Z,PLC11,V009,Crane maintenance completed within the approved maintenance window.,OPERATIONS,LOW,NORMAL,
NOTE-00144,2026-06-29T23:48:26Z,PLC08,V001,Manifest destination changed during a period of anomalous vendor activity.,OT_ANOMALY,CRITICAL,SUSPICIOUS,
NOTE-00145,2026-06-10T09:19:06Z,PLC07,V014,Yard controller communication was stable after scheduled maintenance.,INSPECTION,LOW,NORMAL,
NOTE-00146,2026-06-10T06:34:25Z,YARD-06,V015,Operator reported normal crane response during load testing.,INSPECTION,LOW,NORMAL,
NOTE-00147,2026-06-20T00:05:53Z,CRANE03,V009,Yard controller communication was stable after scheduled maintenance.,INSPECTION,LOW,NORMAL,
NOTE-00148,2026-06-11T11:51:22Z,PLC10,V008,Yard controller communication was stable after scheduled maintenance.,MAINTENANCE,LOW,NORMAL,
NOTE-00149,2026-06-14T10:41:56Z,YARD-08,V002,Operator reported normal crane response during load testing.,OPERATIONS,MEDIUM,NORMAL,
NOTE-00150,2026-06-15T04:44:25Z,PLC04,V012,Yard controller communication was stable after scheduled maintenance.,INSPECTION,LOW,NORMAL,
NOTE-00151,2026-06-20T16:41:43Z,CRANE02,V015,Vendor session closed normally after firmware verification.,INSPECTION,LOW,NORMAL,
NOTE-00152,2026-06-14T15:43:55Z,PLC10,V016,Crane maintenance completed within the approved maintenance window.,INSPECTION,LOW,NORMAL,
NOTE-00153,2026-06-13T07:03:18Z,CRANE01,V016,Vendor session closed normally after firmware verification.,MAINTENANCE,LOW,NORMAL,
NOTE-00154,2026-06-13T03:31:00Z,YARD-06,V003,Routine inspection completed; no abnormal controller behaviour observed.,INSPECTION,MEDIUM,NORMAL,
NOTE-00155,2026-06-05T12:29:21Z,PLC09,V003,Crane maintenance completed within the approved maintenance window.,INSPECTION,MEDIUM,NORMAL,
NOTE-00156,2026-06-18T22:58:57Z,CRANE02,V003,Operator reported normal crane response during load testing.,OPERATIONS,MEDIUM,NORMAL,
NOTE-00157,2026-06-18T02:30:54Z,YARD-08,V016,Vendor session closed normally after firmware verification.,OPERATIONS,MEDIUM,NORMAL,
NOTE-00158,2026-06-12T10:42:50Z,PLC10,V010,Vendor session closed normally after firmware verification.,MAINTENANCE,MEDIUM,NORMAL,
NOTE-00159,2026-06-08T08:49:26Z,CRANE08,V015,Crane maintenance completed within the approved maintenance window.,MAINTENANCE,MEDIUM,NORMAL,
NOTE-00160,2026-06-16T04:09:11Z,PLC01,V006,Yard controller communication was stable after scheduled maintenance.,OPERATIONS,LOW,NORMAL,
NOTE-00161,2026-06-10T22:10:03Z,YARD-08,V009,Vendor session closed normally after firmware verification.,OPERATIONS,MEDIUM,NORMAL,
NOTE-00162,2026-06-30T18:01:53Z,YARD-06,V005,Crane maintenance completed within the approved maintenance window.,INSPECTION,MEDIUM,NORMAL,
NOTE-00163,2026-06-29T07:56:50Z,CRANE03,V010,Crane alarm occurred shortly after an unusual remote connection to the OT segment.,SECURITY_REVIEW,CRITICAL,SUSPICIOUS,
NOTE-00164,2026-06-28T09:05:59Z,PLC12,V018,Yard controller communication was stable after scheduled maintenance.,OPERATIONS,MEDIUM,NORMAL,
NOTE-00165,2026-06-03T04:20:12Z,CRANE08,V018,Operator reported normal crane response during load testing.,INSPECTION,LOW,NORMAL,
NOTE-00166,2026-06-17T13:23:20Z,CRANE08,V010,Crane maintenance completed within the approved maintenance window.,MAINTENANCE,LOW,NORMAL,
NOTE-00167,2026-06-12T07:31:59Z,PLC11,V002,Routine inspection completed; no abnormal controller behaviour observed.,INSPECTION,LOW,NORMAL,
NOTE-00168,2026-06-24T23:21:55Z,YARD-03,V009,Routine inspection completed; no abnormal controller behaviour observed.,OPERATIONS,LOW,NORMAL,
NOTE-00169,2026-06-02T01:06:58Z,YARD-04,V009,Vendor session closed normally after firmware verification.,OPERATIONS,LOW,NORMAL,
NOTE-00170,2026-06-29T07:29:39Z,YARD-05,V007,Vendor session closed normally after firmware verification.,INSPECTION,LOW,NORMAL,
NOTE-00171,2026-06-18T06:42:53Z,CRANE05,V002,Routine inspection completed; no abnormal controller behaviour observed.,MAINTENANCE,MEDIUM,NORMAL,
NOTE-00172,2026-06-22T02:41:51Z,YARD-03,V015,Manifest destination changed during a period of anomalous vendor activity.,SUSPICIOUS_ACCESS,HIGH,SUSPICIOUS,
NOTE-00173,2026-06-29T07:50:44Z,YARD-07,V003,Vendor session closed normally after firmware verification.,MAINTENANCE,LOW,NORMAL,
NOTE-00174,2026-06-21T18:17:00Z,CRANE01,V003,Unexpected vendor remote session observed outside the approved maintenance window.,SUSPICIOUS_ACCESS,HIGH,SUSPICIOUS,
NOTE-00175,2026-06-26T20:17:56Z,PLC06,V009,Unexpected vendor remote session observed outside the approved maintenance window.,CARGO_ANOMALY,HIGH,SUSPICIOUS,
NOTE-00176,2026-06-16T23:57:14Z,YARD-03,V015,Crane maintenance completed within the approved maintenance window.,MAINTENANCE,MEDIUM,NORMAL,
NOTE-00177,2026-06-11T06:06:12Z,CRANE06,V020,Routine inspection completed; no abnormal controller behaviour observed.,OPERATIONS,MEDIUM,NORMAL,
NOTE-00178,2026-06-22T10:32:42Z,PLC12,V004,Operator reported normal crane response during load testing.,MAINTENANCE,LOW,NORMAL,
NOTE-00179,2026-06-22T09:22:04Z,CRANE06,V003,Vendor session closed normally after firmware verification.,OPERATIONS,LOW,NORMAL,
NOTE-00180,2026-06-14T22:23:09Z,CRANE07,V006,Repeated controller commands were observed during a vendor session; operations requested review.,SECURITY_REVIEW,CRITICAL,SUSPICIOUS,
NOTE-00181,2026-06-13T13:44:47Z,CRANE03,V007,Operator reported normal crane response during load testing.,OPERATIONS,LOW,NORMAL,
NOTE-00182,2026-06-12T13:23:50Z,CRANE01,V008,Crane maintenance completed within the approved maintenance window.,OPERATIONS,MEDIUM,NORMAL,
NOTE-00183,2026-06-20T20:38:18Z,YARD-05,V001,Yard controller communication was stable after scheduled maintenance.,INSPECTION,MEDIUM,NORMAL,
NOTE-00184,2026-06-21T09:17:32Z,YARD-03,V006,Manifest destination changed during a period of anomalous vendor activity.,SECURITY_REVIEW,CRITICAL,SUSPICIOUS,
NOTE-00185,2026-06-17T00:01:09Z,PLC06,V015,Routine inspection completed; no abnormal controller behaviour observed.,MAINTENANCE,MEDIUM,NORMAL,
NOTE-00186,2026-06-05T08:41:07Z,PLC03,V001,Operator reported normal crane response during load testing.,INSPECTION,LOW,NORMAL,
NOTE-00187,2026-06-29T19:58:40Z,PLC05,V007,Yard controller communication was stable after scheduled maintenance.,MAINTENANCE,LOW,NORMAL,
NOTE-00188,2026-06-10T21:37:10Z,PLC06,V004,Manifest destination changed during a period of anomalous vendor activity.,OT_ANOMALY,HIGH,SUSPICIOUS,
NOTE-00189,2026-06-09T14:37:32Z,CRANE01,V001,Crane maintenance completed within the approved maintenance window.,OPERATIONS,MEDIUM,NORMAL,
NOTE-00190,2026-06-15T23:45:51Z,PLC08,V013,Unexpected vendor remote session observed outside the approved maintenance window.,SECURITY_REVIEW,CRITICAL,SUSPICIOUS,
NOTE-00191,2026-06-15T12:04:56Z,PLC07,V018,Yard controller communication was stable after scheduled maintenance.,OPERATIONS,MEDIUM,NORMAL,
NOTE-00192,2026-06-01T10:45:19Z,PLC03,V013,Operator reported normal crane response during load testing.,MAINTENANCE,MEDIUM,NORMAL,
NOTE-00193,2026-06-29T16:25:02Z,CRANE07,V002,Yard controller communication was stable after scheduled maintenance.,MAINTENANCE,MEDIUM,NORMAL,
NOTE-00194,2026-06-08T08:55:06Z,CRANE05,V003,Operator reported normal crane response during load testing.,MAINTENANCE,LOW,NORMAL,
NOTE-00195,2026-06-01T20:08:39Z,YARD-06,V004,Unexpected vendor remote session observed outside the approved maintenance window.,SECURITY_REVIEW,HIGH,SUSPICIOUS,
NOTE-00196,2026-06-20T04:02:31Z,PLC10,V014,Operator reported normal crane response during load testing.,INSPECTION,MEDIUM,NORMAL,
NOTE-00197,2026-06-18T09:18:08Z,YARD-06,V003,Yard controller communication was stable after scheduled maintenance.,INSPECTION,LOW,NORMAL,
NOTE-00198,2026-06-12T08:57:44Z,CRANE02,V013,Routine inspection completed; no abnormal controller behaviour observed.,INSPECTION,MEDIUM,NORMAL,
NOTE-00199,2026-06-10T11:04:38Z,YARD-01,V020,Routine inspection completed; no abnormal controller behaviour observed.,MAINTENANCE,LOW,NORMAL,
NOTE-00200,2026-06-13T18:25:04Z,YARD-05,V009,Crane alarm occurred shortly after an unusual remote connection to the OT segment.,CARGO_ANOMALY,HIGH,SUSPICIOUS,
NOTE-00201,2026-06-10T09:10:07Z,PLC08,V007,Operator reported normal crane response during load testing.,INSPECTION,LOW,NORMAL,
NOTE-00202,2026-06-30T09:25:09Z,YARD-07,V015,Crane alarm occurred shortly after an unusual remote connection to the OT segment.,SUSPICIOUS_ACCESS,HIGH,SUSPICIOUS,
NOTE-00203,2026-06-30T11:23:39Z,PLC06,V015,Vendor session closed normally after firmware verification.,MAINTENANCE,LOW,NORMAL,
NOTE-00204,2026-06-21T03:38:30Z,CRANE08,V020,Yard controller communication was stable after scheduled maintenance.,MAINTENANCE,LOW,NORMAL,
NOTE-00205,2026-06-16T12:36:22Z,YARD-05,V002,Vendor session closed normally after firmware verification.,INSPECTION,MEDIUM,NORMAL,
NOTE-00206,2026-06-13T21:13:22Z,PLC09,V013,Vendor session closed normally after firmware verification.,OPERATIONS,MEDIUM,NORMAL,
NOTE-00207,2026-06-29T11:25:39Z,YARD-06,V013,Crane maintenance completed within the approved maintenance window.,OPERATIONS,MEDIUM,NORMAL,
NOTE-00208,2026-06-25T16:52:52Z,PLC08,V018,Yard controller communication was stable after scheduled maintenance.,MAINTENANCE,MEDIUM,NORMAL,
NOTE-00209,2026-06-20T13:33:43Z,YARD-04,V010,Routine inspection completed; no abnormal controller behaviour observed.,OPERATIONS,MEDIUM,NORMAL,
NOTE-00210,2026-06-22T13:25:23Z,PLC11,V017,Vendor session closed normally after firmware verification.,INSPECTION,LOW,NORMAL,
NOTE-00211,2026-06-03T06:51:55Z,YARD-01,V004,Manifest destination changed during a period of anomalous vendor activity.,SUSPICIOUS_ACCESS,HIGH,SUSPICIOUS,
NOTE-00212,2026-06-24T12:14:13Z,CRANE03,V019,Operator reported normal crane response during load testing.,MAINTENANCE,LOW,NORMAL,
NOTE-00213,2026-06-07T12:39:01Z,YARD-08,V005,Vendor session closed normally after firmware verification.,MAINTENANCE,MEDIUM,NORMAL,
NOTE-00214,2026-06-05T16:23:01Z,CRANE05,V020,Operator reported normal crane response during load testing.,INSPECTION,LOW,NORMAL,
NOTE-00215,2026-06-29T13:42:04Z,CRANE03,V005,Crane alarm occurred shortly after an unusual remote connection to the OT segment.,CARGO_ANOMALY,HIGH,SUSPICIOUS,
NOTE-00216,2026-06-06T23:19:01Z,CRANE05,V013,Yard controller communication was stable after scheduled maintenance.,MAINTENANCE,MEDIUM,NORMAL,
NOTE-00217,2026-06-05T14:01:23Z,YARD-04,V018,Yard controller communication was stable after scheduled maintenance.,MAINTENANCE,MEDIUM,NORMAL,
NOTE-00218,2026-06-26T11:08:15Z,PLC08,V014,Yard controller communication was stable after scheduled maintenance.,OPERATIONS,LOW,NORMAL,
NOTE-00219,2026-06-28T05:20:34Z,CRANE06,V018,Routine inspection completed; no abnormal controller behaviour observed.,MAINTENANCE,LOW,NORMAL,
NOTE-00220,2026-06-23T07:46:10Z,CRANE01,V020,Operator reported normal crane response during load testing.,INSPECTION,LOW,NORMAL,
NOTE-00221,2026-06-24T14:12:03Z,CRANE05,V013,Routine inspection completed; no abnormal controller behaviour observed.,INSPECTION,MEDIUM,NORMAL,
NOTE-00222,2026-06-12T01:14:23Z,PLC09,V002,Manifest destination changed during a period of anomalous vendor activity.,SECURITY_REVIEW,CRITICAL,SUSPICIOUS,
NOTE-00223,2026-06-02T11:37:30Z,PLC01,V017,Operator reported normal crane response during load testing.,MAINTENANCE,LOW,NORMAL,
NOTE-00224,2026-06-06T09:25:21Z,PLC05,V018,Vendor session closed normally after firmware verification.,OPERATIONS,LOW,NORMAL,
NOTE-00225,2026-06-02T14:19:44Z,CRANE03,V005,Crane maintenance completed within the approved maintenance window.,OPERATIONS,MEDIUM,NORMAL,
NOTE-00226,2026-06-14T12:44:18Z,YARD-03,V015,Vendor session closed normally after firmware verification.,INSPECTION,LOW,NORMAL,
NOTE-00227,2026-06-26T09:06:40Z,PLC08,V020,Repeated controller commands were observed during a vendor session; operations requested review.,SUSPICIOUS_ACCESS,HIGH,SUSPICIOUS,
NOTE-00228,2026-06-23T02:58:47Z,PLC09,V020,Operator reported normal crane response during load testing.,MAINTENANCE,LOW,NORMAL,
NOTE-00229,2026-06-26T22:28:11Z,YARD-06,V006,Yard controller communication was stable after scheduled maintenance.,INSPECTION,LOW,NORMAL,
NOTE-00230,2026-06-15T13:07:37Z,CRANE06,V019,Crane maintenance completed within the approved maintenance window.,OPERATIONS,MEDIUM,NORMAL,
NOTE-00231,2026-06-08T16:47:31Z,PLC12,V006,Unexpected vendor remote session observed outside the approved maintenance window.,SUSPICIOUS_ACCESS,CRITICAL,SUSPICIOUS,
NOTE-00232,2026-06-06T04:41:01Z,YARD-06,V011,Routine inspection completed; no abnormal controller behaviour observed.,INSPECTION,MEDIUM,NORMAL,
NOTE-00233,2026-06-20T04:33:50Z,PLC06,V017,Operator reported normal crane response during load testing.,INSPECTION,LOW,NORMAL,
NOTE-00234,2026-06-22T12:25:12Z,CRANE03,V011,Operator reported normal crane response during load testing.,INSPECTION,LOW,NORMAL,
NOTE-00235,2026-06-06T07:13:24Z,CRANE08,V003,Routine inspection completed; no abnormal controller behaviour observed.,MAINTENANCE,LOW,NORMAL,
NOTE-00236,2026-06-28T05:57:11Z,PLC04,V018,Vendor session closed normally after firmware verification.,OPERATIONS,MEDIUM,NORMAL,
NOTE-00237,2026-06-08T08:52:21Z,YARD-01,V009,Operator reported normal crane response during load testing.,MAINTENANCE,MEDIUM,NORMAL,
NOTE-00238,2026-06-02T18:53:51Z,PLC05,V018,Routine inspection completed; no abnormal controller behaviour observed.,OPERATIONS,LOW,NORMAL,
NOTE-00239,2026-06-22T16:26:45Z,CRANE07,V015,Yard controller communication was stable after scheduled maintenance.,MAINTENANCE,MEDIUM,NORMAL,
NOTE-00240,2026-06-06T21:10:47Z,PLC01,V003,Vendor session closed normally after firmware verification.,OPERATIONS,LOW,NORMAL,
NOTE-00241,2026-06-18T21:21:23Z,CRANE03,V009,Endpoint alert reported a new remote administration tool on a vendor-associated device.,SECURITY_REVIEW,CRITICAL,SUSPICIOUS,
NOTE-00242,2026-06-06T03:46:17Z,CRANE06,V011,Operator reported normal crane response during load testing.,MAINTENANCE,MEDIUM,NORMAL,
NOTE-00243,2026-06-03T19:35:00Z,CRANE02,V013,Vendor session closed normally after firmware verification.,OPERATIONS,MEDIUM,NORMAL,
NOTE-00244,2026-06-04T17:37:04Z,CRANE02,V013,Operator reported normal crane response during load testing.,MAINTENANCE,LOW,NORMAL,
NOTE-00245,2026-06-11T03:34:20Z,PLC08,V009,Crane alarm occurred shortly after an unusual remote connection to the OT segment.,OT_ANOMALY,HIGH,SUSPICIOUS,
NOTE-00246,2026-06-26T03:38:45Z,YARD-01,V005,Yard controller communication was stable after scheduled maintenance.,OPERATIONS,MEDIUM,NORMAL,
NOTE-00247,2026-06-18T13:27:24Z,CRANE03,V017,Crane maintenance completed within the approved maintenance window.,MAINTENANCE,LOW,NORMAL,
NOTE-00248,2026-06-12T01:57:56Z,PLC08,V007,Yard controller communication was stable after scheduled maintenance.,INSPECTION,MEDIUM,NORMAL,
NOTE-00249,2026-06-28T22:21:38Z,YARD-06,V004,Manifest destination changed during a period of anomalous vendor activity.,SUSPICIOUS_ACCESS,HIGH,SUSPICIOUS,
NOTE-00250,2026-06-23T10:58:47Z,CRANE06,V002,Manifest destination changed during a period of anomalous vendor activity.,OT_ANOMALY,CRITICAL,SUSPICIOUS,
NOTE-00251,2026-06-10T00:19:54Z,CRANE04,V002,Operator reported normal crane response during load testing.,MAINTENANCE,LOW,NORMAL,
NOTE-00252,2026-06-16T03:00:01Z,PLC05,V017,Crane maintenance completed within the approved maintenance window.,OPERATIONS,MEDIUM,NORMAL,
NOTE-00253,2026-06-04T02:43:20Z,YARD-06,V017,Operator reported normal crane response during load testing.,OPERATIONS,LOW,NORMAL,
NOTE-00254,2026-06-29T16:26:29Z,CRANE08,V012,Operator reported normal crane response during load testing.,OPERATIONS,LOW,NORMAL,
NOTE-00255,2026-06-21T22:13:03Z,PLC05,V015,Vendor session closed normally after firmware verification.,INSPECTION,LOW,NORMAL,
NOTE-00256,2026-06-08T15:26:09Z,YARD-03,V017,Unexpected vendor remote session observed outside the approved maintenance window.,SUSPICIOUS_ACCESS,HIGH,SUSPICIOUS,
NOTE-00257,2026-06-01T16:43:03Z,CRANE04,V009,Operator reported normal crane response during load testing.,OPERATIONS,MEDIUM,NORMAL,
NOTE-00258,2026-06-16T06:58:34Z,PLC10,V002,Crane maintenance completed within the approved maintenance window.,INSPECTION,MEDIUM,NORMAL,
NOTE-00259,2026-06-20T11:29:59Z,CRANE04,V007,Yard controller communication was stable after scheduled maintenance.,OPERATIONS,LOW,NORMAL,
NOTE-00260,2026-06-19T22:53:26Z,PLC11,V005,Operator reported normal crane response during load testing.,INSPECTION,LOW,NORMAL,
NOTE-00261,2026-06-09T21:25:41Z,YARD-08,V020,Routine inspection completed; no abnormal controller behaviour observed.,OPERATIONS,LOW,NORMAL,
NOTE-00262,2026-06-22T23:27:39Z,YARD-03,V014,Operator reported normal crane response during load testing.,OPERATIONS,MEDIUM,NORMAL,
NOTE-00263,2026-06-11T10:13:29Z,YARD-05,V001,Repeated controller commands were observed during a vendor session; operations requested review.,OT_ANOMALY,HIGH,SUSPICIOUS,
NOTE-00264,2026-06-13T03:41:11Z,YARD-07,V016,Vendor session closed normally after firmware verification.,INSPECTION,LOW,NORMAL,
NOTE-00265,2026-06-17T01:54:38Z,PLC12,V002,Crane maintenance completed within the approved maintenance window.,INSPECTION,MEDIUM,NORMAL,
NOTE-00266,2026-06-20T20:40:46Z,YARD-03,V019,Repeated controller commands were observed during a vendor session; operations requested review.,OT_ANOMALY,HIGH,SUSPICIOUS,
NOTE-00267,2026-06-26T21:04:40Z,PLC01,V013,Crane maintenance completed within the approved maintenance window.,MAINTENANCE,MEDIUM,NORMAL,
NOTE-00268,2026-06-05T15:51:42Z,YARD-05,V018,Routine inspection completed; no abnormal controller behaviour observed.,MAINTENANCE,LOW,NORMAL,
NOTE-00269,2026-06-06T11:26:07Z,PLC10,V009,Yard controller communication was stable after scheduled maintenance.,MAINTENANCE,MEDIUM,NORMAL,
NOTE-00270,2026-06-12T23:07:33Z,PLC06,V017,Vendor session closed normally after firmware verification.,MAINTENANCE,MEDIUM,NORMAL,
NOTE-00271,2026-06-19T11:52:13Z,YARD-05,V011,Operator reported normal crane response during load testing.,INSPECTION,LOW,NORMAL,
NOTE-00272,2026-06-16T05:05:07Z,PLC02,V013,Routine inspection completed; no abnormal controller behaviour observed.,MAINTENANCE,MEDIUM,NORMAL,
NOTE-00273,2026-06-21T22:02:53Z,CRANE07,V010,Endpoint alert reported a new remote administration tool on a vendor-associated device.,OT_ANOMALY,HIGH,SUSPICIOUS,
NOTE-00274,2026-06-11T15:57:28Z,CRANE01,V019,Yard controller communication was stable after scheduled maintenance.,OPERATIONS,LOW,NORMAL,
NOTE-00275,2026-06-15T20:22:36Z,CRANE07,V015,Vendor session closed normally after firmware verification.,MAINTENANCE,LOW,NORMAL,
NOTE-00276,2026-06-28T01:00:20Z,CRANE02,V001,Operator reported normal crane response during load testing.,OPERATIONS,MEDIUM,NORMAL,
NOTE-00277,2026-06-19T20:03:56Z,PLC03,V018,Yard controller communication was stable after scheduled maintenance.,INSPECTION,LOW,NORMAL,
NOTE-00278,2026-06-27T16:49:19Z,PLC10,V003,Yard controller communication was stable after scheduled maintenance.,MAINTENANCE,LOW,NORMAL,
NOTE-00279,2026-06-15T02:27:26Z,CRANE05,V019,Vendor session closed normally after firmware verification.,OPERATIONS,LOW,NORMAL,
NOTE-00280,2026-06-20T16:02:26Z,YARD-08,V015,Repeated controller commands were observed during a vendor session; operations requested review.,OT_ANOMALY,HIGH,SUSPICIOUS,
NOTE-00281,2026-06-13T12:34:09Z,YARD-07,V001,Yard controller communication was stable after scheduled maintenance.,INSPECTION,LOW,NORMAL,
NOTE-00282,2026-06-18T05:46:50Z,YARD-01,V009,Routine inspection completed; no abnormal controller behaviour observed.,OPERATIONS,LOW,NORMAL,
NOTE-00283,2026-06-21T08:14:07Z,PLC11,V018,Operator reported normal crane response during load testing.,INSPECTION,MEDIUM,NORMAL,
NOTE-00284,2026-06-12T22:30:07Z,YARD-05,V014,Operator reported normal crane response during load testing.,OPERATIONS,MEDIUM,NORMAL,
NOTE-00285,2026-06-30T18:53:00Z,PLC01,V002,Crane maintenance completed within the approved maintenance window.,INSPECTION,MEDIUM,NORMAL,
NOTE-00286,2026-06-06T18:29:27Z,CRANE01,V005,Crane maintenance completed within the approved maintenance window.,INSPECTION,MEDIUM,NORMAL,
NOTE-00287,2026-06-14T10:18:39Z,CRANE03,V009,Yard controller communication was stable after scheduled maintenance.,MAINTENANCE,MEDIUM,NORMAL,
NOTE-00288,2026-06-17T23:03:00Z,YARD-03,V011,Crane maintenance completed within the approved maintenance window.,OPERATIONS,LOW,NORMAL,
NOTE-00289,2026-06-03T09:13:00Z,CRANE03,V011,Vendor session closed normally after firmware verification.,INSPECTION,MEDIUM,NORMAL,
NOTE-00290,2026-06-07T17:38:50Z,PLC04,V013,Repeated controller commands were observed during a vendor session; operations requested review.,CARGO_ANOMALY,CRITICAL,SUSPICIOUS,
NOTE-00291,2026-06-07T07:31:49Z,PLC04,V003,Unexpected vendor remote session observed outside the approved maintenance window.,OT_ANOMALY,CRITICAL,SUSPICIOUS,
NOTE-00292,2026-06-24T00:36:42Z,CRANE08,V001,Crane maintenance completed within the approved maintenance window.,OPERATIONS,MEDIUM,NORMAL,
NOTE-00293,2026-06-22T07:26:53Z,PLC10,V015,Operator reported normal crane response during load testing.,INSPECTION,MEDIUM,NORMAL,
NOTE-00294,2026-06-14T01:50:43Z,PLC08,V003,Crane maintenance completed within the approved maintenance window.,MAINTENANCE,MEDIUM,NORMAL,
NOTE-00295,2026-06-30T10:26:41Z,PLC05,V015,Crane alarm occurred shortly after an unusual remote connection to the OT segment.,CARGO_ANOMALY,HIGH,SUSPICIOUS,
NOTE-00296,2026-06-01T00:39:19Z,PLC07,V004,Repeated controller commands were observed during a vendor session; operations requested review.,OT_ANOMALY,CRITICAL,SUSPICIOUS,
NOTE-00297,2026-06-16T04:04:20Z,CRANE03,V019,Routine inspection completed; no abnormal controller behaviour observed.,MAINTENANCE,MEDIUM,NORMAL,
NOTE-00298,2026-06-22T13:13:12Z,PLC01,V004,Endpoint alert reported a new remote administration tool on a vendor-associated device.,OT_ANOMALY,HIGH,SUSPICIOUS,
NOTE-00299,2026-06-01T15:21:47Z,CRANE07,V014,Yard controller communication was stable after scheduled maintenance.,MAINTENANCE,LOW,NORMAL,
NOTE-INC-001,2026-06-05T22:53:00Z,CRANE03,V014,"Unusual vendor access, endpoint activity and controller commands occurred in close temporal proximity; incident review initiated.",SECURITY_REVIEW,CRITICAL,INCIDENT,INC-T21-001
NOTE-INC-002,2026-06-12T01:28:00Z,PLC07,V006,"Unusual vendor access, endpoint activity and controller commands occurred in close temporal proximity; incident review initiated.",SECURITY_REVIEW,CRITICAL,INCIDENT,INC-T21-002
NOTE-INC-003,2026-06-18T23:18:00Z,CRANE06,V019,"Unusual vendor access, endpoint activity and controller commands occurred in close temporal proximity; incident review initiated.",SECURITY_REVIEW,CRITICAL,INCIDENT,INC-T21-003
NOTE-INC-004,2026-06-24T19:43:00Z,YARD-05,V011,"Unusual vendor access, endpoint activity and controller commands occurred in close temporal proximity; incident review initiated.",SECURITY_REVIEW,CRITICAL,INCIDENT,INC-T21-004
